
> multi-enterprise-ai-progress-center@0.1.0 test
> npm run build && node --test --test-reporter=tap tests/*.test.mjs


> multi-enterprise-ai-progress-center@0.1.0 build
> npm run f02:gate:prebuild && npm run build:app && npm run f02:gate:release


> multi-enterprise-ai-progress-center@0.1.0 f02:gate:prebuild
> node scripts/f02-protected-surface-gate.mjs --stage PREBUILD

{
  "schema_version": "1.0.0",
  "scope": "P0_P2_SYNTHETIC_ONLY",
  "stage": "PREBUILD",
  "status": "PASS",
  "surface_count": 6,
  "scanned_file_count": 247,
  "synthetic_marker_required_file_count": 36,
  "synthetic_marker_missing_file_count": 0,
  "enterprise_data_or_credential_finding_count": 0,
  "findings": [],
  "surface_receipts": [
    {
      "surface_id": "SOURCE_CODE",
      "stage": "PREBUILD",
      "synthetic_marker_required": false,
      "scanned_file_count": 211,
      "aggregate_sha256": "sha256:3f7a5ee94218bcbdf2fd517c2f644f771836d5967372f0069d2ffcd4377a8d24"
    },
    {
      "surface_id": "SYNTHETIC_FIXTURES",
      "stage": "PREBUILD",
      "synthetic_marker_required": true,
      "scanned_file_count": 4,
      "aggregate_sha256": "sha256:adb8b5e0547beb328546c11423a7af56b78b9ebb4a9573dd7a31605fc93edd76"
    },
    {
      "surface_id": "EVALUATION_GROUND_TRUTH",
      "stage": "PREBUILD",
      "synthetic_marker_required": true,
      "scanned_file_count": 1,
      "aggregate_sha256": "sha256:206d1d6052bf0f27100f608b432618ce174ef701f20570666411fdc486ed284a"
    },
    {
      "surface_id": "RUNTIME_STORE",
      "stage": "PREBUILD",
      "synthetic_marker_required": true,
      "scanned_file_count": 29,
      "aggregate_sha256": "sha256:2988638dcfbb542630c3937ade6f7cda50bf9c99a420671728027b1f511d754d"
    },
    {
      "surface_id": "RUNTIME_LOG",
      "stage": "PREBUILD",
      "synthetic_marker_required": true,
      "scanned_file_count": 1,
      "aggregate_sha256": "sha256:ac62f971dd24482433414b4f85120f7dc8a347275d5db5dddbafbc5e2e54ccff"
    },
    {
      "surface_id": "TRACE",
      "stage": "PREBUILD",
      "synthetic_marker_required": true,
      "scanned_file_count": 1,
      "aggregate_sha256": "sha256:b541d89c405f10ab482df5d4b9c7706306a1a399ed9185df0a005b7dc5950708"
    }
  ],
  "assurance_limit": "A passing configured canary scan proves only that registered files contain a Synthetic marker where required and do not match configured enterprise-data or credential indicators. It does not prove that unregistered paths or unknown indicators are absent."
}

> multi-enterprise-ai-progress-center@0.1.0 build:app
> WRANGLER_LOG_PATH=.wrangler/wrangler.log vinext build


  vinext build  (Vite 8.0.13)

[34m[1/5] analyze client references...[39m
[2Ktransforming...✓ 285 modules transformed.
rendering chunks...
[32m✓ built in 285ms[39m
[34m[2/5] analyze server references...[39m
[2Ktransforming...✓ 48 modules transformed.
rendering chunks...
[32m✓ built in 29ms[39m
[34m[3/5] build rsc environment...[39m
[2Ktransforming...✓ 291 modules transformed.
rendering chunks...
computing gzip size...
[32m✓ built in 310ms[39m
[34m[4/5] build client environment...[39m
[2Ktransforming...✓ 56 modules transformed.
rendering chunks...
computing gzip size...
[32m✓ built in 65ms[39m
[34m[5/5] build ssr environment...[39m
[2Ktransforming...✓ 54 modules transformed.
rendering chunks...
computing gzip size...
[32m✓ built in 92ms[39m
[0m
  Route (app)
  ┌ ? /                              
  ├ λ /api/governance/g0-decision    
  ├ λ /api/governance/g0-remediation 
  ├ λ /api/governance/g0-stale-audit 
  ├ λ /api/governance/p0-b11-evidence
  ├ λ /api/governance/p2-readiness   
  └ λ /api/progress                  

  λ API  ? Unknown

  ? Some routes could not be classified. vinext currently uses static analysis
    and cannot detect dynamic API usage (headers(), cookies(), etc.) at build time.
    Automatic classification will be improved in a future release.

  Build complete. Run `vinext start` to start the production server.


> multi-enterprise-ai-progress-center@0.1.0 postbuild:app
> npm run p2:verify:worker-bundle


> multi-enterprise-ai-progress-center@0.1.0 p2:verify:worker-bundle
> node scripts/verify-p2-worker-runtime-bundle.mjs

{"schemaVersion":"p2-worker-runtime-bundle-verification.v1","status":"PASS","serverMarkerCount":13,"clientJavaScriptFileCount":5,"forbiddenRuntimeMarkerCount":0}

> multi-enterprise-ai-progress-center@0.1.0 f02:gate:release
> node scripts/f02-protected-surface-gate.mjs --stage RELEASE

{
  "schema_version": "1.0.0",
  "scope": "P0_P2_SYNTHETIC_ONLY",
  "stage": "RELEASE",
  "status": "PASS",
  "surface_count": 1,
  "scanned_file_count": 29,
  "synthetic_marker_required_file_count": 0,
  "synthetic_marker_missing_file_count": 0,
  "enterprise_data_or_credential_finding_count": 0,
  "findings": [],
  "surface_receipts": [
    {
      "surface_id": "RELEASE_PACKAGE",
      "stage": "RELEASE",
      "synthetic_marker_required": false,
      "scanned_file_count": 29,
      "aggregate_sha256": "sha256:60751b2aa512e3272a9171206206f1d206ce016b03d1e53ba39a4c428d51db4c"
    }
  ],
  "assurance_limit": "A passing configured canary scan proves only that registered files contain a Synthetic marker where required and do not match configured enterprise-data or credential indicators. It does not prove that unregistered paths or unknown indicators are absent."
}
TAP version 13
# Subtest: C08 OpenAPI exposes only the implemented closed Core surface
ok 1 - C08 OpenAPI exposes only the implemented closed Core surface
  ---
  duration_ms: 0.963458
  type: 'test'
  ...
# Subtest: C08 START_RUN schema contains only start-time frozen references
ok 2 - C08 START_RUN schema contains only start-time frozen references
  ---
  duration_ms: 0.105166
  type: 'test'
  ...
# Subtest: C08 replay matrix maps every case to a real exact test title
ok 3 - C08 replay matrix maps every case to a real exact test title
  ---
  duration_ms: 33.576459
  type: 'test'
  ...
# Subtest: C08 passes catalog-fixed MANAGE and READ resources through the real C06 facade in order
ok 4 - C08 passes catalog-fixed MANAGE and READ resources through the real C06 facade in order
  ---
  duration_ms: 15.556875
  type: 'test'
  ...
# Subtest: a missing C06 tuple fails closed before final C08 admission and state storage
ok 5 - a missing C06 tuple fails closed before final C08 admission and state storage
  ---
  duration_ms: 1.642458
  type: 'test'
  ...
# Subtest: a C06 decision for another Human cannot pass an A-B-B-A identity sequence
ok 6 - a C06 decision for another Human cannot pass an A-B-B-A identity sequence
  ---
  duration_ms: 1.397875
  type: 'test'
  ...
# Subtest: C08 exposes separate employee and Tool result Worker surfaces
ok 7 - C08 exposes separate employee and Tool result Worker surfaces
  ---
  duration_ms: 1.002458
  type: 'test'
  ...
# Subtest: a running Run exposes recoverable input, version, state and pending effect
ok 8 - a running Run exposes recoverable input, version, state and pending effect
  ---
  duration_ms: 4.706
  type: 'test'
  ...
# Subtest: a Run permits only one prepared ToolCall at a time
ok 9 - a Run permits only one prepared ToolCall at a time
  ---
  duration_ms: 2.972625
  type: 'test'
  ...
# Subtest: another authorized Human cannot mutate an owned Run but may inspect it
ok 10 - another authorized Human cannot mutate an owned Run but may inspect it
  ---
  duration_ms: 1.114
  type: 'test'
  ...
# Subtest: the same Human can continue an owned Run after Session and Delegation renewal
ok 11 - the same Human can continue an owned Run after Session and Delegation renewal
  ---
  duration_ms: 1.34125
  type: 'test'
  ...
# Subtest: ordinary execute and an untrusted Worker cannot record Tool results
ok 12 - ordinary execute and an untrusted Worker cannot record Tool results
  ---
  duration_ms: 0.316959
  type: 'test'
  ...
# Subtest: one completed Run reconstructs every frozen version and provenance
ok 13 - one completed Run reconstructs every frozen version and provenance
  ---
  duration_ms: 3.008333
  type: 'test'
  ...
# Subtest: C08 rejects routing, identity and Enterprise injection before dependencies
ok 14 - C08 rejects routing, identity and Enterprise injection before dependencies
  ---
  duration_ms: 0.459542
  type: 'test'
  ...
# Subtest: identity, authorization and final Tenant admission all fail closed
ok 15 - identity, authorization and final Tenant admission all fail closed
  ---
  duration_ms: 0.28075
  type: 'test'
  ...
# Subtest: C08 rejects an identity change during authorization before admission
ok 16 - C08 rejects an identity change during authorization before admission
  ---
  duration_ms: 0.599667
  type: 'test'
  ...
# Subtest: 32 concurrent identical commands commit one state, event and Outbox
ok 17 - 32 concurrent identical commands commit one state, event and Outbox
  ---
  duration_ms: 2.100792
  type: 'test'
  ...
# Subtest: idempotency is bound to exact command and resolved Human identity
ok 18 - idempotency is bound to exact command and resolved Human identity
  ---
  duration_ms: 0.394416
  type: 'test'
  ...
# Subtest: Artifact versions keep one ID and advance from the expected version
ok 19 - Artifact versions keep one ID and advance from the expected version
  ---
  duration_ms: 0.550625
  type: 'test'
  ...
# Subtest: FAILED Run reconstructs an empty Tool list without a fabricated call
ok 20 - FAILED Run reconstructs an empty Tool list without a fabricated call
  ---
  duration_ms: 1.773
  type: 'test'
  ...
# Subtest: stable PostgreSQL Store conflicts remain stable at the Core boundary
ok 21 - stable PostgreSQL Store conflicts remain stable at the Core boundary
  ---
  duration_ms: 0.231292
  type: 'test'
  ...
# Subtest: Memory Store refuses a command without one exact Event and Outbox pair
ok 22 - Memory Store refuses a command without one exact Event and Outbox pair
  ---
  duration_ms: 0.088709
  type: 'test'
  ...
# Subtest: stale Run versions and unverified Tool receipts cannot advance state
ok 23 - stale Run versions and unverified Tool receipts cannot advance state
  ---
  duration_ms: 1.588583
  type: 'test'
  ...
# Subtest: a Run cannot finish or reconstruct without result and terminal Tool evidence
ok 24 - a Run cannot finish or reconstruct without result and terminal Tool evidence
  ---
  duration_ms: 1.793834
  type: 'test'
  ...
# Subtest: stored Run references remain frozen after caller mutation
ok 25 - stored Run references remain frozen after caller mutation
  ---
  duration_ms: 1.998875
  type: 'test'
  ...
# Subtest: Synthetic authority version changes make stored references stale without copying source facts
ok 26 - Synthetic authority version changes make stored references stale without copying source facts
  ---
  duration_ms: 5.735209
  type: 'test'
  ...
# Subtest: reconstruction fails closed when persisted evidence is altered
ok 27 - reconstruction fails closed when persisted evidence is altered
  ---
  duration_ms: 1.665542
  type: 'test'
  ...
# Subtest: reconstruction hash detects altered Tool authorization evidence
ok 28 - reconstruction hash detects altered Tool authorization evidence
  ---
  duration_ms: 1.73
  type: 'test'
  ...
# Subtest: Outbox retry reuses one effectKey after Mock accepted then worker crashed
ok 29 - Outbox retry reuses one effectKey after Mock accepted then worker crashed
  ---
  duration_ms: 25.386416
  type: 'test'
  ...
# Subtest: Tenant-scoped memory state does not cross between Synthetic Tenants
ok 30 - Tenant-scoped memory state does not cross between Synthetic Tenants
  ---
  duration_ms: 0.643417
  type: 'test'
  ...
# Subtest: snapshot requires explicit control authorization
ok 31 - snapshot requires explicit control authorization
  ---
  duration_ms: 0.088125
  type: 'test'
  ...
# Subtest: C08 P1 synthetic verification evidence is intact
ok 32 - C08 P1 synthetic verification evidence is intact
  ---
  duration_ms: 461.201125
  type: 'test'
  ...
# Subtest: C08 has exactly eight tenant-scoped FORCE RLS records
ok 33 - C08 has exactly eight tenant-scoped FORCE RLS records
  ---
  duration_ms: 0.657209
  type: 'test'
  ...
# Subtest: C08 atomic evidence and immutable version guards are in the schema
ok 34 - C08 atomic evidence and immutable version guards are in the schema
  ---
  duration_ms: 0.217791
  type: 'test'
  ...
# Subtest: C08 Artifact uses a composite version key and an invoker chain guard
ok 35 - C08 Artifact uses a composite version key and an invoker chain guard
  ---
  duration_ms: 0.212625
  type: 'test'
  ...
# Subtest: C08 Store uses serializable idempotency and fenced SKIP LOCKED leases
ok 36 - C08 Store uses serializable idempotency and fenced SKIP LOCKED leases
  ---
  duration_ms: 0.152041
  type: 'test'
  ...
# Subtest: C08 requires a dedicated Outbox Worker pool and explicit time
ok 37 - C08 requires a dedicated Outbox Worker pool and explicit time
  ---
  duration_ms: 0.439375
  type: 'test'
  ...
# Subtest: C08 command effect keys are stable and tenant-bound
ok 38 - C08 command effect keys are stable and tenant-bound
  ---
  duration_ms: 0.338667
  type: 'test'
  ...
# Subtest: C08 runtime roles are non-owner and NOBYPASSRLS
ok 39 - C08 runtime roles are non-owner and NOBYPASSRLS
  ---
  duration_ms: 0.271542
  type: 'test'
  ...
# Subtest: progress API applies and projects the deny-first P2 start boundary
ok 40 - progress API applies and projects the deny-first P2 start boundary
  ---
  duration_ms: 3.335667
  type: 'test'
  ...
# Subtest: the C06 contract exposes only command, decision, replay and snapshot operations
ok 41 - the C06 contract exposes only command, decision, replay and snapshot operations
  ---
  duration_ms: 3.6105
  type: 'test'
  ...
# Subtest: the boundary remains Synthetic-only until the P3 enterprise integration gate
ok 42 - the boundary remains Synthetic-only until the P3 enterprise integration gate
  ---
  duration_ms: 0.898208
  type: 'test'
  ...
# Subtest: the decision body cannot assert trusted identity, routing or PDP inputs
ok 43 - the decision body cannot assert trusted identity, routing or PDP inputs
  ---
  duration_ms: 2.641916
  type: 'test'
  ...
# Subtest: the control surface contains exactly four closed commands
ok 44 - the control surface contains exactly four closed commands
  ---
  duration_ms: 1.1585
  type: 'test'
  ...
# Subtest: replay is evidence comparison rather than a new authorization decision
ok 45 - replay is evidence comparison rather than a new authorization decision
  ---
  duration_ms: 0.930834
  type: 'test'
  ...
# Subtest: all declared object schemas reject unsupported fields
ok 46 - all declared object schemas reject unsupported fields
  ---
  duration_ms: 0.996666
  type: 'test'
  ...
# Subtest: decision outputs never echo secrets or caller credentials
ok 47 - decision outputs never echo secrets or caller credentials
  ---
  duration_ms: 1.239875
  type: 'test'
  ...
# Subtest: C06 freezes exactly six protected operations and 60 fixture cases
ok 48 - C06 freezes exactly six protected operations and 60 fixture cases
  ---
  duration_ms: 6.909458
  type: 'test'
  ...
# Subtest: the baseline and migration templates build immutable 18 and 19 tuple bundles
ok 49 - the baseline and migration templates build immutable 18 and 19 tuple bundles
  ---
  duration_ms: 9.994334
  type: 'test'
  ...
# Subtest: catalog artifacts remain Synthetic-only and reject unknown policy or surface
ok 50 - catalog artifacts remain Synthetic-only and reject unknown policy or surface
  ---
  duration_ms: 3.29925
  type: 'test'
  ...
# Subtest: a policy template hash cannot be detached from its frozen definition
ok 51 - a policy template hash cannot be detached from its frozen definition
  ---
  duration_ms: 0.933125
  type: 'test'
  ...
# Subtest: C06 v3 evidence proves orthogonal wrong-user and wrong-role isolation
ok 52 - C06 v3 evidence proves orthogonal wrong-user and wrong-role isolation
  ---
  duration_ms: 804.821083
  type: 'test'
  ...
# Subtest: one C06 decision requires Human, Actor and purpose checks pinned to one release
ok 53 - one C06 decision requires Human, Actor and purpose checks pinned to one release
  ---
  duration_ms: 16.9065
  type: 'test'
  ...
# Subtest: missing factors, wrong purpose and PDP failures all fail closed
ok 54 - missing factors, wrong purpose and PDP failures all fail closed
  ---
  duration_ms: 5.350417
  type: 'test'
  ...
# Subtest: an unverified real projection cannot become READY
ok 55 - an unverified real projection cannot become READY
  ---
  duration_ms: 3.236583
  type: 'test'
  ...
# Subtest: the caller cannot inject Principal, Tenant, model, relation or an Allow
ok 56 - the caller cannot inject Principal, Tenant, model, relation or an Allow
  ---
  duration_ms: 3.743167
  type: 'test'
  ...
# Subtest: activation and rollback change the next request while old decisions replay exactly
ok 57 - activation and rollback change the next request while old decisions replay exactly
  ---
  duration_ms: 4.792125
  type: 'test'
  ...
# Subtest: live decisions and historical replay reject a mismatched PDP response
ok 58 - live decisions and historical replay reject a mismatched PDP response
  ---
  duration_ms: 2.885375
  type: 'test'
  ...
# Subtest: an activation race cannot commit a stale Allow
ok 59 - an activation race cannot commit a stale Allow
  ---
  duration_ms: 3.343292
  type: 'test'
  ...
# Subtest: a rollback race cannot record the revoked release's old Allow
ok 60 - a rollback race cannot record the revoked release's old Allow
  ---
  duration_ms: 7.410333
  type: 'test'
  ...
# Subtest: exact idempotency replays without revalidating an unavailable PDP
ok 61 - exact idempotency replays without revalidating an unavailable PDP
  ---
  duration_ms: 2.148167
  type: 'test'
  ...
# Subtest: the PEP exposes only evidence for Allow and collapses every other result
ok 62 - the PEP exposes only evidence for Allow and collapses every other result
  ---
  duration_ms: 4.466084
  type: 'test'
  ...
# Subtest: all 60 frozen C06 Allow/Deny fixtures execute with their expected outcome
ok 63 - all 60 frozen C06 Allow/Deny fixtures execute with their expected outcome
  ---
  duration_ms: 20.687833
  type: 'test'
  ...
# Subtest: the C06 OpenFGA model contains only the frozen subject and resource types
ok 64 - the C06 OpenFGA model contains only the frozen subject and resource types
  ---
  duration_ms: 3.281917
  type: 'test'
  ...
# Subtest: every protected operation maps Human, Actor and purpose to direct typed relations
ok 65 - every protected operation maps Human, Actor and purpose to direct typed relations
  ---
  duration_ms: 2.690333
  type: 'test'
  ...
# Subtest: the model freezes exactly 18 direct relationships
ok 66 - the model freezes exactly 18 direct relationships
  ---
  duration_ms: 0.820708
  type: 'test'
  ...
# Subtest: the authorization model does not encode enterprise identities or application roles
ok 67 - the authorization model does not encode enterprise identities or application roles
  ---
  duration_ms: 1.890041
  type: 'test'
  ...
# Subtest: the PostgreSQL adapter satisfies the complete C06 Store seam
ok 68 - the PostgreSQL adapter satisfies the complete C06 Store seam
  ---
  duration_ms: 0.842708
  type: 'test'
  ...
# Subtest: C06 commands use one serializable transaction and pair Event with Outbox
ok 69 - C06 commands use one serializable transaction and pair Event with Outbox
  ---
  duration_ms: 0.464917
  type: 'test'
  ...
# Subtest: C06 prechecks the active version and its database guard locks before commit
ok 70 - C06 prechecks the active version and its database guard locks before commit
  ---
  duration_ms: 2.86075
  type: 'test'
  ...
# Subtest: C06 migrations freeze seven tables, evidence guards and three least-privilege roles
ok 71 - C06 migrations freeze seven tables, evidence guards and three least-privilege roles
  ---
  duration_ms: 1.438417
  type: 'test'
  ...
# Subtest: C01-AC04 supplemental evidence resolves to the exact stream lifecycle source
ok 72 - C01-AC04 supplemental evidence resolves to the exact stream lifecycle source
  ---
  duration_ms: 48.278
  type: 'test'
  ...
# Subtest: C01-AC05 supplemental evidence resolves to the frozen citation chain
ok 73 - C01-AC05 supplemental evidence resolves to the frozen citation chain
  ---
  duration_ms: 101.314042
  type: 'test'
  ...
# Subtest: C01 maps a portal operation to a request-bound C06 decision
ok 74 - C01 maps a portal operation to a request-bound C06 decision
  ---
  duration_ms: 0.508042
  type: 'test'
  ...
# Subtest: C01 rejects an operation/prefix mismatch before C06
ok 75 - C01 rejects an operation/prefix mismatch before C06
  ---
  duration_ms: 0.262708
  type: 'test'
  ...
# Subtest: the complete C01 operation catalog fixes C06 surface and resource prefix
ok 76 - the complete C01 operation catalog fixes C06 surface and resource prefix
  ---
  duration_ms: 1.513417
  type: 'test'
  ...
# Subtest: C01 opens a current C11 EvidenceRef at its exact C10 source node
ok 77 - C01 opens a current C11 EvidenceRef at its exact C10 source node
  ---
  duration_ms: 7.441375
  type: 'test'
  ...
# Subtest: C01 reconciles every C11 source coordinate with current C10
    # Subtest: tenant
    ok 1 - tenant
      ---
      duration_ms: 0.543792
      type: 'test'
      ...
    # Subtest: document
    ok 2 - document
      ---
      duration_ms: 0.235417
      type: 'test'
      ...
    # Subtest: version
    ok 3 - version
      ---
      duration_ms: 0.201
      type: 'test'
      ...
    # Subtest: revision
    ok 4 - revision
      ---
      duration_ms: 0.242875
      type: 'test'
      ...
    # Subtest: content hash
    ok 5 - content hash
      ---
      duration_ms: 0.252583
      type: 'test'
      ...
    # Subtest: original node
    ok 6 - original node
      ---
      duration_ms: 0.222125
      type: 'test'
      ...
    # Subtest: original hash
    ok 7 - original hash
      ---
      duration_ms: 0.221708
      type: 'test'
      ...
    # Subtest: page node
    ok 8 - page node
      ---
      duration_ms: 0.248167
      type: 'test'
      ...
    # Subtest: page number
    ok 9 - page number
      ---
      duration_ms: 0.265125
      type: 'test'
      ...
    # Subtest: section node
    ok 10 - section node
      ---
      duration_ms: 0.236583
      type: 'test'
      ...
    # Subtest: table node
    ok 11 - table node
      ---
      duration_ms: 0.182125
      type: 'test'
      ...
    # Subtest: chunk node
    ok 12 - chunk node
      ---
      duration_ms: 0.937459
      type: 'test'
      ...
    # Subtest: chunk ordinal
    ok 13 - chunk ordinal
      ---
      duration_ms: 0.353541
      type: 'test'
      ...
    # Subtest: chunk hash
    ok 14 - chunk hash
      ---
      duration_ms: 0.264083
      type: 'test'
      ...
    # Subtest: chunk location
    ok 15 - chunk location
      ---
      duration_ms: 0.209083
      type: 'test'
      ...
    1..15
ok 78 - C01 reconciles every C11 source coordinate with current C10
  ---
  duration_ms: 8.34475
  type: 'test'
  ...
# Subtest: C01 never opens a withdrawn or deleted C10 source
ok 79 - C01 never opens a withdrawn or deleted C10 source
  ---
  duration_ms: 2.600708
  type: 'test'
  ...
# Subtest: C01 shows unavailable when the current Principal lacks source access
ok 80 - C01 shows unavailable when the current Principal lacks source access
  ---
  duration_ms: 1.775208
  type: 'test'
  ...
# Subtest: C01 freezes one replaceable Synthetic portal contract
ok 81 - C01 freezes one replaceable Synthetic portal contract
  ---
  duration_ms: 3.995875
  type: 'test'
  ...
# Subtest: C01 OpenAPI and use-case operation catalogs cannot drift
ok 82 - C01 OpenAPI and use-case operation catalogs cannot drift
  ---
  duration_ms: 1.696375
  type: 'test'
  ...
# Subtest: C01 OpenAPI binds each operation to its exact result shape
ok 83 - C01 OpenAPI binds each operation to its exact result shape
  ---
  duration_ms: 1.075042
  type: 'test'
  ...
# Subtest: C01 dependency bindings match exact verified P1 evidence
ok 84 - C01 dependency bindings match exact verified P1 evidence
  ---
  duration_ms: 3.682292
  type: 'test'
  ...
# Subtest: C01 runtime has no direct model, RAG, Connector, database, or network path
ok 85 - C01 runtime has no direct model, RAG, Connector, database, or network path
  ---
  duration_ms: 0.983667
  type: 'test'
  ...
# Subtest: an authorized synthetic employee sees only their private Core view
ok 86 - an authorized synthetic employee sees only their private Core view
  ---
  duration_ms: 2.022916
  type: 'test'
  ...
# Subtest: every frozen portal view is projected only through the Core seam
ok 87 - every frozen portal view is projected only through the Core seam
  ---
  duration_ms: 1.548959
  type: 'test'
  ...
# Subtest: file status view rejects non-quarantined or cross-Tenant references
ok 88 - file status view rejects non-quarantined or cross-Tenant references
  ---
  duration_ms: 0.393917
  type: 'test'
  ...
# Subtest: cross-user or cross-Tenant evidence fails before private data is returned
ok 89 - cross-user or cross-Tenant evidence fails before private data is returned
  ---
  duration_ms: 0.146167
  type: 'test'
  ...
# Subtest: bypassing the portal UI still authorizes before Product Core
ok 90 - bypassing the portal UI still authorizes before Product Core
  ---
  duration_ms: 0.228917
  type: 'test'
  ...
# Subtest: the portal cannot accept raw file bytes and only returns quarantine state
ok 91 - the portal cannot accept raw file bytes and only returns quarantine state
  ---
  duration_ms: 0.271708
  type: 'test'
  ...
# Subtest: the frozen command catalog accepts only its operation-specific receipt status
ok 92 - the frozen command catalog accepts only its operation-specific receipt status
  ---
  duration_ms: 0.38375
  type: 'test'
  ...
# Subtest: portal mutation receipts remain bound to command, version, and C18 audit
ok 93 - portal mutation receipts remain bound to command, version, and C18 audit
  ---
  duration_ms: 0.119833
  type: 'test'
  ...
# Subtest: cross-Tenant or cross-user mutation receipts fail closed
ok 94 - cross-Tenant or cross-user mutation receipts fail closed
  ---
  duration_ms: 0.180875
  type: 'test'
  ...
# Subtest: stream events are Tenant-, owner-, run-, and sequence-bound
ok 95 - stream events are Tenant-, owner-, run-, and sequence-bound
  ---
  duration_ms: 0.465959
  type: 'test'
  ...
# Subtest: cross-Tenant or cross-user stream events are never yielded
ok 96 - cross-Tenant or cross-user stream events are never yielded
  ---
  duration_ms: 0.499625
  type: 'test'
  ...
# Subtest: cancel, timeout, and disconnect stop the stream without later side effects or fake success
    # Subtest: explicit cancellation
    ok 1 - explicit cancellation
      ---
      duration_ms: 102.113666
      type: 'test'
      ...
    # Subtest: server timeout
    ok 2 - server timeout
      ---
      duration_ms: 122.2875
      type: 'test'
      ...
    # Subtest: client disconnect
    ok 3 - client disconnect
      ---
      duration_ms: 100.55475
      type: 'test'
      ...
    1..3
ok 97 - cancel, timeout, and disconnect stop the stream without later side effects or fake success
  ---
  duration_ms: 325.502708
  type: 'test'
  ...
# Subtest: a stream ending without a terminal result fails closed
ok 98 - a stream ending without a terminal result fails closed
  ---
  duration_ms: 0.213875
  type: 'test'
  ...
# Subtest: a terminal result followed by another event is never released as success
ok 99 - a terminal result followed by another event is never released as success
  ---
  duration_ms: 0.165334
  type: 'test'
  ...
# Subtest: both portal renderers depend on the same replaceable BFF contract
ok 100 - both portal renderers depend on the same replaceable BFF contract
  ---
  duration_ms: 1.069083
  type: 'test'
  ...
# Subtest: the portal shell rejects local or unbound authority
ok 101 - the portal shell rejects local or unbound authority
  ---
  duration_ms: 0.250834
  type: 'test'
  ...
# Subtest: C01 verification evidence is source-bound and Synthetic-only
ok 102 - C01 verification evidence is source-bound and Synthetic-only
  ---
  duration_ms: 331.065458
  type: 'test'
  ...
# Subtest: C02-AC05 supplemental evidence binds the exact six-file source freeze
ok 103 - C02-AC05 supplemental evidence binds the exact six-file source freeze
  ---
  duration_ms: 119.458875
  type: 'test'
  ...
# Subtest: C02-AC05 records a real same-Tenant C18 loop and fail-closed hash binding
ok 104 - C02-AC05 records a real same-Tenant C18 loop and fail-closed hash binding
  ---
  duration_ms: 0.149459
  type: 'test'
  ...
# Subtest: C02-AC05 keeps governance and full-regression claims bounded
ok 105 - C02-AC05 keeps governance and full-regression claims bounded
  ---
  duration_ms: 0.060166
  type: 'test'
  ...
# Subtest: C02 maps one management operation to a bound C06 MANAGE decision
ok 106 - C02 maps one management operation to a bound C06 MANAGE decision
  ---
  duration_ms: 0.875083
  type: 'test'
  ...
# Subtest: C02 rejects a mismatched operation binding before C06
ok 107 - C02 rejects a mismatched operation binding before C06
  ---
  duration_ms: 0.212458
  type: 'test'
  ...
# Subtest: the complete C02 catalog fixes mode and C06 resource prefix
ok 108 - the complete C02 catalog fixes mode and C06 resource prefix
  ---
  duration_ms: 0.734333
  type: 'test'
  ...
# Subtest: C02 reaches Product Core only after a real C06 MANAGE allow
ok 109 - C02 reaches Product Core only after a real C06 MANAGE allow
  ---
  duration_ms: 10.122917
  type: 'test'
  ...
# Subtest: a real C06 denial stops C02 before Product Core
ok 110 - a real C06 denial stops C02 before Product Core
  ---
  duration_ms: 1.455
  type: 'test'
  ...
# Subtest: a C02 write reaches Product Core only after a fresh real C06 allow
ok 111 - a C02 write reaches Product Core only after a fresh real C06 allow
  ---
  duration_ms: 2.15875
  type: 'test'
  ...
# Subtest: one Synthetic high-risk C02 command closes the confirmation, Core receipt and real C18 loop
ok 112 - one Synthetic high-risk C02 command closes the confirmation, Core receipt and real C18 loop
  ---
  duration_ms: 12.289792
  type: 'test'
  ...
# Subtest: C02 fails closed when the real C18 event does not bind the exact command or Product Core result
    # Subtest: command hash mismatch
    ok 1 - command hash mismatch
      ---
      duration_ms: 1.809
      type: 'test'
      ...
    # Subtest: result hash mismatch
    ok 2 - result hash mismatch
      ---
      duration_ms: 1.798292
      type: 'test'
      ...
    1..2
ok 113 - C02 fails closed when the real C18 event does not bind the exact command or Product Core result
  ---
  duration_ms: 3.99575
  type: 'test'
  ...
# Subtest: C02 freezes one Core-authorized management API and shell contract
ok 114 - C02 freezes one Core-authorized management API and shell contract
  ---
  duration_ms: 3.36325
  type: 'test'
  ...
# Subtest: C02 OpenAPI, use cases, shell contract, and runtime catalog cannot drift
ok 115 - C02 OpenAPI, use cases, shell contract, and runtime catalog cannot drift
  ---
  duration_ms: 2.176542
  type: 'test'
  ...
# Subtest: C02 dependency bindings match the exact frozen P1 artifacts
ok 116 - C02 dependency bindings match the exact frozen P1 artifacts
  ---
  duration_ms: 3.666666
  type: 'test'
  ...
# Subtest: C02 runtime has no direct model, knowledge, Connector, or database path
ok 117 - C02 runtime has no direct model, knowledge, Connector, or database path
  ---
  duration_ms: 1.258125
  type: 'test'
  ...
# Subtest: the replaceable management shell delegates authority to C02 BFF
ok 118 - the replaceable management shell delegates authority to C02 BFF
  ---
  duration_ms: 0.955583
  type: 'test'
  ...
# Subtest: the shell cannot invent a private action from local UI state
ok 119 - the shell cannot invent a private action from local UI state
  ---
  duration_ms: 0.298583
  type: 'test'
  ...
# Subtest: C02 rejects a missing trusted confirmation verifier at startup
ok 120 - C02 rejects a missing trusted confirmation verifier at startup
  ---
  duration_ms: 0.63975
  type: 'test'
  ...
# Subtest: C02 rejects a namespace-only audit reference without a trusted C18 readback verifier
ok 121 - C02 rejects a namespace-only audit reference without a trusted C18 readback verifier
  ---
  duration_ms: 0.112125
  type: 'test'
  ...
# Subtest: authorized Tenant administrator sees only the Core-approved view
ok 122 - authorized Tenant administrator sees only the Core-approved view
  ---
  duration_ms: 0.897083
  type: 'test'
  ...
# Subtest: every frozen management view is returned only through the Core seam
ok 123 - every frozen management view is returned only through the Core seam
  ---
  duration_ms: 1.948667
  type: 'test'
  ...
# Subtest: a high-risk change needs a bound second confirmation before Core commit
ok 124 - a high-risk change needs a bound second confirmation before Core commit
  ---
  duration_ms: 0.811167
  type: 'test'
  ...
# Subtest: the frozen mutation catalog covers only governed management changes
ok 125 - the frozen mutation catalog covers only governed management changes
  ---
  duration_ms: 1.422833
  type: 'test'
  ...
# Subtest: incomplete server authorization evidence never reaches Product Core
ok 126 - incomplete server authorization evidence never reaches Product Core
  ---
  duration_ms: 0.325
  type: 'test'
  ...
# Subtest: cross-Tenant authorization evidence never reaches Product Core
ok 127 - cross-Tenant authorization evidence never reaches Product Core
  ---
  duration_ms: 0.118917
  type: 'test'
  ...
# Subtest: a tampered confirmed candidate never reaches Product Core
ok 128 - a tampered confirmed candidate never reaches Product Core
  ---
  duration_ms: 0.187916
  type: 'test'
  ...
# Subtest: a correct caller hash cannot replace a trusted confirmation record
ok 129 - a correct caller hash cannot replace a trusted confirmation record
  ---
  duration_ms: 0.24075
  type: 'test'
  ...
# Subtest: trusted confirmation consumption is one-time and must be unexpired
ok 130 - trusted confirmation consumption is one-time and must be unexpired
  ---
  duration_ms: 0.475375
  type: 'test'
  ...
# Subtest: evidence-free or private employee data cannot enter an administrator view
ok 131 - evidence-free or private employee data cannot enter an administrator view
  ---
  duration_ms: 0.22075
  type: 'test'
  ...
# Subtest: a mutation receipt without a C18-namespaced audit reference is rejected
ok 132 - a mutation receipt without a C18-namespaced audit reference is rejected
  ---
  duration_ms: 0.144791
  type: 'test'
  ...
# Subtest: C02 verification evidence is source-bound and Synthetic-only
ok 133 - C02 verification evidence is source-bound and Synthetic-only
  ---
  duration_ms: 322.840166
  type: 'test'
  ...
# Subtest: C04-AC04 supplemental evidence resolves to exact Git-frozen SLA artifacts
ok 134 - C04-AC04 supplemental evidence resolves to exact Git-frozen SLA artifacts
  ---
  duration_ms: 104.78275
  type: 'test'
  ...
# Subtest: C04 uses the real C03 read and admission contracts for one synthetic OIDC session
ok 135 - C04 uses the real C03 read and admission contracts for one synthetic OIDC session
  ---
  duration_ms: 19.61125
  type: 'test'
  ...
# Subtest: C04-AC02 supplemental evidence resolves to its frozen C04-C05 integration source
ok 136 - C04-AC02 supplemental evidence resolves to its frozen C04-C05 integration source
  ---
  duration_ms: 95.170584
  type: 'test'
  ...
# Subtest: duplicate and out-of-order SCIM lifecycle events never create a duplicate IdentityLink
ok 137 - duplicate and out-of-order SCIM lifecycle events never create a duplicate IdentityLink
  ---
  duration_ms: 15.28125
  type: 'test'
  ...
# Subtest: C05-AC05 supplemental evidence resolves to exact Git-frozen operation coverage
ok 138 - C05-AC05 supplemental evidence resolves to exact Git-frozen operation coverage
  ---
  duration_ms: 123.79025
  type: 'test'
  ...
# Subtest: C05-AC05 operation attribution denominator closes with zero unexplained operations
ok 139 - C05-AC05 operation attribution denominator closes with zero unexplained operations
  ---
  duration_ms: 0.809791
  type: 'test'
  ...
# Subtest: coverage entries resolve to implemented C08, C15 and C18 operation seams
ok 140 - coverage entries resolve to implemented C08, C15 and C18 operation seams
  ---
  duration_ms: 1.178125
  type: 'test'
  ...
# Subtest: every covered Human operation declares two-phase C05 resolution and a frozen verification test
ok 141 - every covered Human operation declares two-phase C05 resolution and a frozen verification test
  ---
  duration_ms: 0.174917
  type: 'test'
  ...
# Subtest: C06-AC08 supplemental evidence resolves to the exact revocation profile and tests
ok 142 - C06-AC08 supplemental evidence resolves to the exact revocation profile and tests
  ---
  duration_ms: 68.040291
  type: 'test'
  ...
# Subtest: the frozen C06 revocation profile inventories every implemented product PEP
ok 143 - the frozen C06 revocation profile inventories every implemented product PEP
  ---
  duration_ms: 31.777708
  type: 'test'
  ...
# Subtest: C01 product PEP denies the first action after revocation
ok 144 - C01 product PEP denies the first action after revocation
  ---
  duration_ms: 1.403792
  type: 'test'
  ...
# Subtest: C02 product PEP denies the first action after revocation
ok 145 - C02 product PEP denies the first action after revocation
  ---
  duration_ms: 0.638208
  type: 'test'
  ...
# Subtest: C07 product PEP denies the first action after revocation
ok 146 - C07 product PEP denies the first action after revocation
  ---
  duration_ms: 0.677334
  type: 'test'
  ...
# Subtest: C08 product PEP denies the first action after revocation
ok 147 - C08 product PEP denies the first action after revocation
  ---
  duration_ms: 0.570708
  type: 'test'
  ...
# Subtest: C10 product PEP denies the first action after revocation
ok 148 - C10 product PEP denies the first action after revocation
  ---
  duration_ms: 0.760375
  type: 'test'
  ...
# Subtest: C11 product PEP denies the first action after revocation
ok 149 - C11 product PEP denies the first action after revocation
  ---
  duration_ms: 0.737625
  type: 'test'
  ...
# Subtest: C13 product PEP denies the first action after revocation
ok 150 - C13 product PEP denies the first action after revocation
  ---
  duration_ms: 1.018209
  type: 'test'
  ...
# Subtest: C14 product PEP denies the first action after revocation
ok 151 - C14 product PEP denies the first action after revocation
  ---
  duration_ms: 0.706291
  type: 'test'
  ...
# Subtest: C15 product PEP denies the first action after revocation
ok 152 - C15 product PEP denies the first action after revocation
  ---
  duration_ms: 0.854458
  type: 'test'
  ...
# Subtest: C16 product PEP denies the first action after revocation
ok 153 - C16 product PEP denies the first action after revocation
  ---
  duration_ms: 1.0785
  type: 'test'
  ...
# Subtest: all six representative PEP surfaces deny the first action after revocation
ok 154 - all six representative PEP surfaces deny the first action after revocation
  ---
  duration_ms: 0.818708
  type: 'test'
  ...
# Subtest: a warm C07 cache cannot serve after C06 revocation
ok 155 - a warm C07 cache cannot serve after C06 revocation
  ---
  duration_ms: 1.081084
  type: 'test'
  ...
# Subtest: C08-AC08 supplemental remediation resolves to exact Git-frozen artifacts
ok 156 - C08-AC08 supplemental remediation resolves to exact Git-frozen artifacts
  ---
  duration_ms: 78.697083
  type: 'test'
  ...
# Subtest: C0 Mock receipts bind one effect to one server-verifiable receipt
ok 157 - C0 Mock receipts bind one effect to one server-verifiable receipt
  ---
  duration_ms: 1.624291
  type: 'test'
  ...
# Subtest: forged, cross-Tenant and wrong-effect Mock receipts fail closed
ok 158 - forged, cross-Tenant and wrong-effect Mock receipts fail closed
  ---
  duration_ms: 1.153667
  type: 'test'
  ...
# Subtest: a new Mock process reuses the durable effect receipt
ok 159 - a new Mock process reuses the durable effect receipt
  ---
  duration_ms: 22.795041
  type: 'test'
  ...
# Subtest: C08 Outbox Worker replays a durable publish acknowledgement without a duplicate effect
ok 160 - C08 Outbox Worker replays a durable publish acknowledgement without a duplicate effect
  ---
  duration_ms: 3.56225
  type: 'test'
  ...
# Subtest: memory Outbox Port returns one canonical shape and clears prior errors on reclaim
ok 161 - memory Outbox Port returns one canonical shape and clears prior errors on reclaim
  ---
  duration_ms: 0.359583
  type: 'test'
  ...
# Subtest: C08 Synthetic references require an exact Tenant catalog entry
ok 162 - C08 Synthetic references require an exact Tenant catalog entry
  ---
  duration_ms: 2.457458
  type: 'test'
  ...
# Subtest: a plausible Synthetic URI cannot self-assert provenance
ok 163 - a plausible Synthetic URI cannot self-assert provenance
  ---
  duration_ms: 0.399458
  type: 'test'
  ...
# Subtest: Tenant-scoped data references cannot cross Synthetic Tenants
ok 164 - Tenant-scoped data references cannot cross Synthetic Tenants
  ---
  duration_ms: 0.240583
  type: 'test'
  ...
# Subtest: the catalog rejects a resource mapping detached from its fixture
ok 165 - the catalog rejects a resource mapping detached from its fixture
  ---
  duration_ms: 0.138292
  type: 'test'
  ...
# Subtest: C09-AC06 catalog classifies every content or reference surface without N/A
ok 166 - C09-AC06 catalog classifies every content or reference surface without N/A
  ---
  duration_ms: 0.749375
  type: 'test'
  ...
# Subtest: C09 schema and Store expose no hidden vector or cache data plane
ok 167 - C09 schema and Store expose no hidden vector or cache data plane
  ---
  duration_ms: 0.973083
  type: 'test'
  ...
# Subtest: support tables are inventoried but cannot hold personal-memory content
ok 168 - support tables are inventoried but cannot hold personal-memory content
  ---
  duration_ms: 0.166709
  type: 'test'
  ...
# Subtest: P1-B09 evidence resolves to exact Git-frozen data-surface artifacts
ok 169 - P1-B09 evidence resolves to exact Git-frozen data-surface artifacts
  ---
  duration_ms: 135.528167
  type: 'test'
  ...
# Subtest: C09 OpenAPI freezes the owner, consent, category and recall boundary
ok 170 - C09 OpenAPI freezes the owner, consent, category and recall boundary
  ---
  duration_ms: 3.857208
  type: 'test'
  ...
# Subtest: C09 migration enforces allowed categories, terminal scrubbing and double-scope RLS
ok 171 - C09 migration enforces allowed categories, terminal scrubbing and double-scope RLS
  ---
  duration_ms: 1.9705
  type: 'test'
  ...
# Subtest: C09 matrix covers every required P1 Synthetic evidence class
ok 172 - C09 matrix covers every required P1 Synthetic evidence class
  ---
  duration_ms: 1.566125
  type: 'test'
  ...
# Subtest: C09 README preserves P1 and enterprise truth-source exclusions
ok 173 - C09 README preserves P1 and enterprise truth-source exclusions
  ---
  duration_ms: 0.897125
  type: 'test'
  ...
# Subtest: C09 wraps unknown PostgreSQL failures without exposing driver errors
ok 174 - C09 wraps unknown PostgreSQL failures without exposing driver errors
  ---
  duration_ms: 1.689667
  type: 'test'
  ...
# Subtest: C09 discards a PostgreSQL connection when rollback fails
ok 175 - C09 discards a PostgreSQL connection when rollback fails
  ---
  duration_ms: 0.724334
  type: 'test'
  ...
# Subtest: C09 PostgreSQL Store rejects same-Tenant Principal replacement before connecting
ok 176 - C09 PostgreSQL Store rejects same-Tenant Principal replacement before connecting
  ---
  duration_ms: 0.185708
  type: 'test'
  ...
# Subtest: C09 checks all 18 identity GUCs before returning a connection
ok 177 - C09 checks all 18 identity GUCs before returning a connection
  ---
  duration_ms: 1.053334
  type: 'test'
  ...
# Subtest: C09 PostgreSQL store rejects consent evidence with secret fields before connecting
    # Subtest: token
    ok 1 - token
      ---
      duration_ms: 0.279666
      type: 'test'
      ...
    # Subtest: humanConsentToken
    ok 2 - humanConsentToken
      ---
      duration_ms: 0.102875
      type: 'test'
      ...
    # Subtest: content
    ok 3 - content
      ---
      duration_ms: 0.072875
      type: 'test'
      ...
    # Subtest: secret
    ok 4 - secret
      ---
      duration_ms: 0.08125
      type: 'test'
      ...
    1..4
ok 178 - C09 PostgreSQL store rejects consent evidence with secret fields before connecting
  ---
  duration_ms: 0.988292
  type: 'test'
  ...
# Subtest: C09 maps PostgreSQL unique constraints to stable domain errors
    # Subtest: command_receipt_pkey
    ok 1 - command_receipt_pkey
      ---
      duration_ms: 0.443625
      type: 'test'
      ...
    # Subtest: personal_memory_pkey
    ok 2 - personal_memory_pkey
      ---
      duration_ms: 0.208667
      type: 'test'
      ...
    # Subtest: memory_event_pkey
    ok 3 - memory_event_pkey
      ---
      duration_ms: 0.187125
      type: 'test'
      ...
    # Subtest: conversation_checkpoint_pkey
    ok 4 - conversation_checkpoint_pkey
      ---
      duration_ms: 0.133333
      type: 'test'
      ...
    # Subtest: unexpected_unique_key
    ok 5 - unexpected_unique_key
      ---
      duration_ms: 0.265125
      type: 'test'
      ...
    1..5
ok 179 - C09 maps PostgreSQL unique constraints to stable domain errors
  ---
  duration_ms: 1.538375
  type: 'test'
  ...
# Subtest: personal memory service exposes only governed operations
ok 180 - personal memory service exposes only governed operations
  ---
  duration_ms: 0.953833
  type: 'test'
  ...
# Subtest: catalog freezes exactly three Synthetic Tenants and prevents cross-Tenant refs
ok 181 - catalog freezes exactly three Synthetic Tenants and prevents cross-Tenant refs
  ---
  duration_ms: 0.230833
  type: 'test'
  ...
# Subtest: model proposal remains Candidate until a trusted Human consent artifact is consumed
ok 182 - model proposal remains Candidate until a trusted Human consent artifact is consumed
  ---
  duration_ms: 3.150333
  type: 'test'
  ...
# Subtest: Human consent is content-bound, expiring, one-time and replay-safe
ok 183 - Human consent is content-bound, expiring, one-time and replay-safe
  ---
  duration_ms: 1.405833
  type: 'test'
  ...
# Subtest: Human consent evidence rejects token, content and secret fields
    # Subtest: token
    ok 1 - token
      ---
      duration_ms: 0.406958
      type: 'test'
      ...
    # Subtest: humanConsentToken
    ok 2 - humanConsentToken
      ---
      duration_ms: 0.778292
      type: 'test'
      ...
    # Subtest: content
    ok 3 - content
      ---
      duration_ms: 0.241666
      type: 'test'
      ...
    # Subtest: secret
    ok 4 - secret
      ---
      duration_ms: 0.261208
      type: 'test'
      ...
    1..4
ok 184 - Human consent evidence rejects token, content and secret fields
  ---
  duration_ms: 2.031542
  type: 'test'
  ...
# Subtest: committed confirmation replays after service and consent restart
ok 185 - committed confirmation replays after service and consent restart
  ---
  duration_ms: 0.610042
  type: 'test'
  ...
# Subtest: uncommitted consent fails closed after service restart
ok 186 - uncommitted consent fails closed after service restart
  ---
  duration_ms: 0.471417
  type: 'test'
  ...
# Subtest: stale consent target fails before consuming Human consent
ok 187 - stale consent target fails before consuming Human consent
  ---
  duration_ms: 0.650209
  type: 'test'
  ...
# Subtest: stable Principal owns memory across Session and Delegation renewal
ok 188 - stable Principal owns memory across Session and Delegation renewal
  ---
  duration_ms: 0.455875
  type: 'test'
  ...
# Subtest: another Human cannot confirm or recall the owner's memory
ok 189 - another Human cannot confirm or recall the owner's memory
  ---
  duration_ms: 0.249708
  type: 'test'
  ...
# Subtest: Memory Store rejects a same-Tenant Principal replacement
ok 190 - Memory Store rejects a same-Tenant Principal replacement
  ---
  duration_ms: 0.119167
  type: 'test'
  ...
# Subtest: recall performs structural filtering and item C06 before reading content
ok 191 - recall performs structural filtering and item C06 before reading content
  ---
  duration_ms: 5.236334
  type: 'test'
  ...
# Subtest: recall drops an item when C05 identity changes during item C06
    # Subtest: actor
    ok 1 - actor
      ---
      duration_ms: 0.882333
      type: 'test'
      ...
    # Subtest: delegation
    ok 2 - delegation
      ---
      duration_ms: 0.889875
      type: 'test'
      ...
    # Subtest: human lifecycle
    ok 3 - human lifecycle
      ---
      duration_ms: 0.566541
      type: 'test'
      ...
    # Subtest: human security epoch
    ok 4 - human security epoch
      ---
      duration_ms: 0.563792
      type: 'test'
      ...
    # Subtest: workload lifecycle
    ok 5 - workload lifecycle
      ---
      duration_ms: 0.552834
      type: 'test'
      ...
    # Subtest: workload epoch
    ok 6 - workload epoch
      ---
      duration_ms: 1.378583
      type: 'test'
      ...
    # Subtest: delegation lifecycle
    ok 7 - delegation lifecycle
      ---
      duration_ms: 0.755959
      type: 'test'
      ...
    # Subtest: delegation expiry
    ok 8 - delegation expiry
      ---
      duration_ms: 0.798208
      type: 'test'
      ...
    # Subtest: delegation chain
    ok 9 - delegation chain
      ---
      duration_ms: 0.962375
      type: 'test'
      ...
    1..9
ok 192 - recall drops an item when C05 identity changes during item C06
  ---
  duration_ms: 7.931875
  type: 'test'
  ...
# Subtest: profile pause suppresses recall, checkpoint and recovery content until resume
ok 193 - profile pause suppresses recall, checkpoint and recovery content until resume
  ---
  duration_ms: 1.362833
  type: 'test'
  ...
# Subtest: natural expiry filters reads and materialization atomically scrubs recovery and checkpoints
ok 194 - natural expiry filters reads and materialization atomically scrubs recovery and checkpoints
  ---
  duration_ms: 1.367958
  type: 'test'
  ...
# Subtest: retention worker materializes only due memory without returning plaintext
ok 195 - retention worker materializes only due memory without returning plaintext
  ---
  duration_ms: 1.371625
  type: 'test'
  ...
# Subtest: Memory retention Store rejects forged actor, evidence and envelope bindings
    # Subtest: actor
    ok 1 - actor
      ---
      duration_ms: 0.157625
      type: 'test'
      ...
    # Subtest: actor lifecycle
    ok 2 - actor lifecycle
      ---
      duration_ms: 0.056291
      type: 'test'
      ...
    # Subtest: actor security epoch
    ok 3 - actor security epoch
      ---
      duration_ms: 0.180583
      type: 'test'
      ...
    # Subtest: valid but forged actor identity versions
    ok 4 - valid but forged actor identity versions
      ---
      duration_ms: 0.197125
      type: 'test'
      ...
    # Subtest: valid but forged actor identity hash binding
    ok 5 - valid but forged actor identity hash binding
      ---
      duration_ms: 0.216834
      type: 'test'
      ...
    # Subtest: authorization evidence
    ok 6 - authorization evidence
      ---
      duration_ms: 0.103875
      type: 'test'
      ...
    # Subtest: envelope hash
    ok 7 - envelope hash
      ---
      duration_ms: 0.079375
      type: 'test'
      ...
    1..7
ok 196 - Memory retention Store rejects forged actor, evidence and envelope bindings
  ---
  duration_ms: 1.714959
  type: 'test'
  ...
# Subtest: correction atomically deletes old content and confirms the replacement
ok 197 - correction atomically deletes old content and confirms the replacement
  ---
  duration_ms: 1.906375
  type: 'test'
  ...
# Subtest: explicit deletion propagates to Checkpoint and survives recovery
ok 198 - explicit deletion propagates to Checkpoint and survives recovery
  ---
  duration_ms: 1.067209
  type: 'test'
  ...
# Subtest: same replay returns one effect and conflicting replay is rejected
ok 199 - same replay returns one effect and conflicting replay is rejected
  ---
  duration_ms: 0.423167
  type: 'test'
  ...
# Subtest: concurrent confirmations allow exactly one current-version transition
ok 200 - concurrent confirmations allow exactly one current-version transition
  ---
  duration_ms: 0.622291
  type: 'test'
  ...
# Subtest: cross-Tenant candidate, route and scope attempts fail closed
ok 201 - cross-Tenant candidate, route and scope attempts fail closed
  ---
  duration_ms: 0.265708
  type: 'test'
  ...
# Subtest: arbitrary content and forbidden business categories cannot enter through the model API
ok 202 - arbitrary content and forbidden business categories cannot enter through the model API
  ---
  duration_ms: 0.129958
  type: 'test'
  ...
# Subtest: a C05 identity switch after C06 authorization fails before admission
ok 203 - a C05 identity switch after C06 authorization fails before admission
  ---
  duration_ms: 0.114625
  type: 'test'
  ...
# Subtest: a C06 decision bound to another Actor fails before the final C05 check
ok 204 - a C06 decision bound to another Actor fails before the final C05 check
  ---
  duration_ms: 0.083583
  type: 'test'
  ...
# Subtest: C05 identity, C06 authorization, C03 admission and C07 scope run in order
ok 205 - C05 identity, C06 authorization, C03 admission and C07 scope run in order
  ---
  duration_ms: 0.126
  type: 'test'
  ...
# Subtest: C10 C06 adapter binds Tenant, surface, resource, workload, and Delegation
ok 206 - C10 C06 adapter binds Tenant, surface, resource, workload, and Delegation
  ---
  duration_ms: 0.53975
  type: 'test'
  ...
# Subtest: C10 C06 adapter rejects denial and dependency failures
ok 207 - C10 C06 adapter rejects denial and dependency failures
  ---
  duration_ms: 0.373959
  type: 'test'
  ...
# Subtest: C10 C06 adapter rejects a cross-Tenant or stale request binding
ok 208 - C10 C06 adapter rejects a cross-Tenant or stale request binding
  ---
  duration_ms: 0.611625
  type: 'test'
  ...
# Subtest: C10 OpenAPI freezes synthetic, candidate-only, C06, and C07 boundaries
ok 209 - C10 OpenAPI freezes synthetic, candidate-only, C06, and C07 boundaries
  ---
  duration_ms: 3.737084
  type: 'test'
  ...
# Subtest: C10 acceptance matrix freezes fifty-two verified P1 synthetic cases
ok 210 - C10 acceptance matrix freezes fifty-two verified P1 synthetic cases
  ---
  duration_ms: 0.586959
  type: 'test'
  ...
# Subtest: C10 parser golden and quality report remain synthetic and explicitly non-OCR
ok 211 - C10 parser golden and quality report remain synthetic and explicitly non-OCR
  ---
  duration_ms: 2.007958
  type: 'test'
  ...
# Subtest: C10 PostgreSQL migration freezes catalog, evidence, provenance, and RLS
ok 212 - C10 PostgreSQL migration freezes catalog, evidence, provenance, and RLS
  ---
  duration_ms: 0.915542
  type: 'test'
  ...
# Subtest: C10 PostgreSQL roles separate runtime, reader, owner, and public
ok 213 - C10 PostgreSQL roles separate runtime, reader, owner, and public
  ---
  duration_ms: 0.860167
  type: 'test'
  ...
# Subtest: C10 real PostgreSQL runner is executable and targets only C10 integration
ok 214 - C10 real PostgreSQL runner is executable and targets only C10 integration
  ---
  duration_ms: 0.618959
  type: 'test'
  ...
# Subtest: C10 P1 synthetic verification evidence is intact
ok 215 - C10 P1 synthetic verification evidence is intact
  ---
  duration_ms: 11.909916
  type: 'test'
  ...
# Subtest: C10 benchmark freezes only synthetic bytes and verifies every hash
ok 216 - C10 benchmark freezes only synthetic bytes and verifies every hash
  ---
  duration_ms: 1.098958
  type: 'test'
  ...
# Subtest: C10 upload writes only to the Tenant quarantine and deletion erases it
ok 217 - C10 upload writes only to the Tenant quarantine and deletion erases it
  ---
  duration_ms: 2.79925
  type: 'test'
  ...
# Subtest: C10 preserves shared bytes until every document-version reference is deleted
ok 218 - C10 preserves shared bytes until every document-version reference is deleted
  ---
  duration_ms: 1.04675
  type: 'test'
  ...
# Subtest: C10 isolation inspection checks type, size, macro, virus, and hidden instructions
ok 219 - C10 isolation inspection checks type, size, macro, virus, and hidden instructions
  ---
  duration_ms: 0.643
  type: 'test'
  ...
# Subtest: C10 parser emits candidates with original-page-section-table-chunk provenance
ok 220 - C10 parser emits candidates with original-page-section-table-chunk provenance
  ---
  duration_ms: 0.91925
  type: 'test'
  ...
# Subtest: C10 parser adapter exposes a frozen synthetic scan seam without claiming OCR
ok 221 - C10 parser adapter exposes a frozen synthetic scan seam without claiming OCR
  ---
  duration_ms: 0.773375
  type: 'test'
  ...
# Subtest: C10 catalog accepts a replacement parser only through the closed adapter seam
ok 222 - C10 catalog accepts a replacement parser only through the closed adapter seam
  ---
  duration_ms: 2.809542
  type: 'test'
  ...
# Subtest: C10 catalog rejects an adapter result with undeclared output fields
ok 223 - C10 catalog rejects an adapter result with undeclared output fields
  ---
  duration_ms: 1.371583
  type: 'test'
  ...
# Subtest: C10 catalog rejects undeclared Parser node and location fields after a recomputed hash
    # Subtest: node
    ok 1 - node
      ---
      duration_ms: 1.447584
      type: 'test'
      ...
    # Subtest: location
    ok 2 - location
      ---
      duration_ms: 1.289791
      type: 'test'
      ...
    1..2
ok 224 - C10 catalog rejects undeclared Parser node and location fields after a recomputed hash
  ---
  duration_ms: 3.301
  type: 'test'
  ...
# Subtest: C10 parser quality report is recomputable from frozen synthetic golden fixtures
ok 225 - C10 parser quality report is recomputable from frozen synthetic golden fixtures
  ---
  duration_ms: 1.4635
  type: 'test'
  ...
# Subtest: C10 clean lifecycle keeps parser output candidate until complete metadata publication
ok 226 - C10 clean lifecycle keeps parser output candidate until complete metadata publication
  ---
  duration_ms: 2.492333
  type: 'test'
  ...
# Subtest: C10 refuses publication when any required catalog field is missing
    # Subtest: ownerPrincipalId
    ok 1 - ownerPrincipalId
      ---
      duration_ms: 1.304416
      type: 'test'
      ...
    # Subtest: sourceRef
    ok 2 - sourceRef
      ---
      duration_ms: 0.932917
      type: 'test'
      ...
    # Subtest: version
    ok 3 - version
      ---
      duration_ms: 0.94525
      type: 'test'
      ...
    # Subtest: validFrom
    ok 4 - validFrom
      ---
      duration_ms: 0.706625
      type: 'test'
      ...
    # Subtest: validUntil
    ok 5 - validUntil
      ---
      duration_ms: 0.993292
      type: 'test'
      ...
    # Subtest: classification
    ok 6 - classification
      ---
      duration_ms: 0.564708
      type: 'test'
      ...
    # Subtest: acl
    ok 7 - acl
      ---
      duration_ms: 0.506541
      type: 'test'
      ...
    1..7
ok 227 - C10 refuses publication when any required catalog field is missing
  ---
  duration_ms: 6.508291
  type: 'test'
  ...
# Subtest: C10 invokes same-Tenant server-side C06 on every operation and fails closed
ok 228 - C10 invokes same-Tenant server-side C06 on every operation and fails closed
  ---
  duration_ms: 0.2515
  type: 'test'
  ...
# Subtest: C10 rejects cross-Tenant reads and never falls back to another Tenant
ok 229 - C10 rejects cross-Tenant reads and never falls back to another Tenant
  ---
  duration_ms: 0.743917
  type: 'test'
  ...
# Subtest: C10 idempotent replay survives renewed authorization but conflicts on changed input
ok 230 - C10 idempotent replay survives renewed authorization but conflicts on changed input
  ---
  duration_ms: 0.219125
  type: 'test'
  ...
# Subtest: C10 optimistic concurrency lets only one publication win
ok 231 - C10 optimistic concurrency lets only one publication win
  ---
  duration_ms: 1.112542
  type: 'test'
  ...
# Subtest: C10 version and as-of selection exclude withdrawn current knowledge
ok 232 - C10 version and as-of selection exclude withdrawn current knowledge
  ---
  duration_ms: 1.375667
  type: 'test'
  ...
# Subtest: C10 rejects a version gap and selects the highest valid published version
ok 233 - C10 rejects a version gap and selects the highest valid published version
  ---
  duration_ms: 2.230917
  type: 'test'
  ...
# Subtest: C10 expiration uses the catalog validity boundary
ok 234 - C10 expiration uses the catalog validity boundary
  ---
  duration_ms: 1.0535
  type: 'test'
  ...
# Subtest: C10 deletion propagates to every source node and recovered receipts stay idempotent
ok 235 - C10 deletion propagates to every source node and recovered receipts stay idempotent
  ---
  duration_ms: 1.193667
  type: 'test'
  ...
# Subtest: C10 replays committed inspect and parse receipts after deletion without reading bytes or invoking the Parser
ok 236 - C10 replays committed inspect and parse receipts after deletion without reading bytes or invoking the Parser
  ---
  duration_ms: 1.930333
  type: 'test'
  ...
# Subtest: C10 durable storage effects recover put and erase failures without false terminal states
ok 237 - C10 durable storage effects recover put and erase failures without false terminal states
  ---
  duration_ms: 2.292166
  type: 'test'
  ...
# Subtest: C10 catalog store cannot bypass pending storage effects with terminal commands
ok 238 - C10 catalog store cannot bypass pending storage effects with terminal commands
  ---
  duration_ms: 0.133875
  type: 'test'
  ...
# Subtest: C10 reconciliation finishes effects after a crash between blob mutation and catalog completion
ok 239 - C10 reconciliation finishes effects after a crash between blob mutation and catalog completion
  ---
  duration_ms: 0.335708
  type: 'test'
  ...
# Subtest: C10 rejected inspection can never be parsed or published
ok 240 - C10 rejected inspection can never be parsed or published
  ---
  duration_ms: 0.344125
  type: 'test'
  ...
# Subtest: C10 provenance validator rejects broken parentage and altered source hashes
ok 241 - C10 provenance validator rejects broken parentage and altered source hashes
  ---
  duration_ms: 0.363792
  type: 'test'
  ...
# Subtest: C11-AC04 supplemental evidence resolves to the frozen quality benchmark and PostgreSQL test
ok 242 - C11-AC04 supplemental evidence resolves to the frozen quality benchmark and PostgreSQL test
  ---
  duration_ms: 84.667333
  type: 'test'
  ...
# Subtest: C11 C06 adapter binds Tenant, surface, resource, workload, Delegation, and epochs
ok 243 - C11 C06 adapter binds Tenant, surface, resource, workload, Delegation, and epochs
  ---
  duration_ms: 0.639875
  type: 'test'
  ...
# Subtest: C11 C06 adapter fails closed on denial or dependency failure
ok 244 - C11 C06 adapter fails closed on denial or dependency failure
  ---
  duration_ms: 0.345208
  type: 'test'
  ...
# Subtest: C11 C06 adapter rejects stale or mismatched decision bindings
ok 245 - C11 C06 adapter rejects stale or mismatched decision bindings
  ---
  duration_ms: 0.829625
  type: 'test'
  ...
# Subtest: C11 OpenAPI freezes server-only filters and P1 boundary
ok 246 - C11 OpenAPI freezes server-only filters and P1 boundary
  ---
  duration_ms: 3.58425
  type: 'test'
  ...
# Subtest: C11 acceptance matrix freezes forty-five synthetic cases
ok 247 - C11 acceptance matrix freezes forty-five synthetic cases
  ---
  duration_ms: 0.812042
  type: 'test'
  ...
# Subtest: C11 migration freezes prefilter, hybrid index, provenance, and RLS
ok 248 - C11 migration freezes prefilter, hybrid index, provenance, and RLS
  ---
  duration_ms: 0.953917
  type: 'test'
  ...
# Subtest: C11 roles separate projector, query, owner, and PUBLIC
ok 249 - C11 roles separate projector, query, owner, and PUBLIC
  ---
  duration_ms: 1.423292
  type: 'test'
  ...
# Subtest: C11 store SQL materializes authorization before FTS and vector scoring
ok 250 - C11 store SQL materializes authorization before FTS and vector scoring
  ---
  duration_ms: 0.557375
  type: 'test'
  ...
# Subtest: C11 real PostgreSQL runner is executable and isolated
ok 251 - C11 real PostgreSQL runner is executable and isolated
  ---
  duration_ms: 1.0875
  type: 'test'
  ...
# Subtest: C11 README only advertises executable verification commands
ok 252 - C11 README only advertises executable verification commands
  ---
  duration_ms: 0.579125
  type: 'test'
  ...
# Subtest: C11 freezes deterministic synthetic embeddings and query cases
ok 253 - C11 freezes deterministic synthetic embeddings and query cases
  ---
  duration_ms: 1.326584
  type: 'test'
  ...
# Subtest: C11 rejects all client-selected filters before authorization
ok 254 - C11 rejects all client-selected filters before authorization
  ---
  duration_ms: 0.946292
  type: 'test'
  ...
# Subtest: C11 derives the validity instant only from the trusted clock
ok 255 - C11 derives the validity instant only from the trusted clock
  ---
  duration_ms: 8.122334
  type: 'test'
  ...
# Subtest: C11 captures as-of after initial authorization and Principal resolution
ok 256 - C11 captures as-of after initial authorization and Principal resolution
  ---
  duration_ms: 2.452208
  type: 'test'
  ...
# Subtest: C11 requires C06 before any retrieval and fails closed
ok 257 - C11 requires C06 before any retrieval and fails closed
  ---
  duration_ms: 0.378875
  type: 'test'
  ...
# Subtest: C11 rejects a forged server Principal scope hash
ok 258 - C11 rejects a forged server Principal scope hash
  ---
  duration_ms: 0.213375
  type: 'test'
  ...
# Subtest: C11 rejects a stale server Principal security epoch
ok 259 - C11 rejects a stale server Principal security epoch
  ---
  duration_ms: 0.144042
  type: 'test'
  ...
# Subtest: C11 final security gate rejects revocation, denial, and group drift
ok 260 - C11 final security gate rejects revocation, denial, and group drift
  ---
  duration_ms: 3.258375
  type: 'test'
  ...
# Subtest: C11 final security binding rejects every authority mutation before delivery
    # Subtest: Human actor
    ok 1 - Human actor
      ---
      duration_ms: 0.596666
      type: 'test'
      ...
    # Subtest: Human security epoch
    ok 2 - Human security epoch
      ---
      duration_ms: 0.396209
      type: 'test'
      ...
    # Subtest: Workload actor
    ok 3 - Workload actor
      ---
      duration_ms: 0.238833
      type: 'test'
      ...
    # Subtest: Workload security epoch
    ok 4 - Workload security epoch
      ---
      duration_ms: 0.206625
      type: 'test'
      ...
    # Subtest: Delegation id
    ok 5 - Delegation id
      ---
      duration_ms: 0.4495
      type: 'test'
      ...
    # Subtest: Delegation chain
    ok 6 - Delegation chain
      ---
      duration_ms: 0.206
      type: 'test'
      ...
    # Subtest: Purpose
    ok 7 - Purpose
      ---
      duration_ms: 0.180833
      type: 'test'
      ...
    # Subtest: Policy
    ok 8 - Policy
      ---
      duration_ms: 0.168667
      type: 'test'
      ...
    1..8
ok 261 - C11 final security binding rejects every authority mutation before delivery
  ---
  duration_ms: 4.4485
  type: 'test'
  ...
# Subtest: C11 prefilters state, validity, ACL, and Tenant before hybrid ranking
ok 262 - C11 prefilters state, validity, ACL, and Tenant before hybrid ranking
  ---
  duration_ms: 5.025625
  type: 'test'
  ...
# Subtest: C11 EvidenceRef spans Original, Page, Section, Table, and Chunk
ok 263 - C11 EvidenceRef spans Original, Page, Section, Table, and Chunk
  ---
  duration_ms: 1.824416
  type: 'test'
  ...
# Subtest: C11 refuses deterministically when authorized evidence is insufficient
ok 264 - C11 refuses deterministically when authorized evidence is insufficient
  ---
  duration_ms: 1.042667
  type: 'test'
  ...
# Subtest: C11 cache is principal-scoped and audits contain hashes, not bodies
ok 265 - C11 cache is principal-scoped and audits contain hashes, not bodies
  ---
  duration_ms: 1.42625
  type: 'test'
  ...
# Subtest: C11 cache uses stable security keys, short TTL, and current validity
ok 266 - C11 cache uses stable security keys, short TTL, and current validity
  ---
  duration_ms: 2.744292
  type: 'test'
  ...
# Subtest: C11 cache rechecks current C10 revision and ACL before reuse
ok 267 - C11 cache rechecks current C10 revision and ACL before reuse
  ---
  duration_ms: 1.214542
  type: 'test'
  ...
# Subtest: C11 synchronizes C10 pending states as immediately inactive
ok 268 - C11 synchronizes C10 pending states as immediately inactive
  ---
  duration_ms: 1.585292
  type: 'test'
  ...
# Subtest: C11 withdrawal and deletion deactivate index rows and invalidate cache
ok 269 - C11 withdrawal and deletion deactivate index rows and invalidate cache
  ---
  duration_ms: 6.077375
  type: 'test'
  ...
# Subtest: C11 does not revive cache entries written across an epoch change
ok 270 - C11 does not revive cache entries written across an epoch change
  ---
  duration_ms: 2.355292
  type: 'test'
  ...
# Subtest: C11 safely refuses after two cache epoch conflicts
ok 271 - C11 safely refuses after two cache epoch conflicts
  ---
  duration_ms: 1.824292
  type: 'test'
  ...
# Subtest: C11 projection is replay-safe, concurrent, and recoverable from snapshot
ok 272 - C11 projection is replay-safe, concurrent, and recoverable from snapshot
  ---
  duration_ms: 2.622
  type: 'test'
  ...
# Subtest: C11 cross-Tenant data cannot appear in another Tenant response
ok 273 - C11 cross-Tenant data cannot appear in another Tenant response
  ---
  duration_ms: 1.248791
  type: 'test'
  ...
# Subtest: C11 quality benchmark freezes formulas, denominators, and thresholds before execution
ok 274 - C11 quality benchmark freezes formulas, denominators, and thresholds before execution
  ---
  duration_ms: 0.941875
  type: 'test'
  ...
# Subtest: C11 quality evaluator uses the frozen per-query and aggregate denominators
ok 275 - C11 quality evaluator uses the frozen per-query and aggregate denominators
  ---
  duration_ms: 0.72675
  type: 'test'
  ...
# Subtest: three Synthetic Tenants complete the same explicit governed graph
ok 276 - three Synthetic Tenants complete the same explicit governed graph
  ---
  duration_ms: 58.832083
  type: 'test'
  ...
# Subtest: hard-gate denial is terminal before RAG, Tool, or model access
ok 277 - hard-gate denial is terminal before RAG, Tool, or model access
  ---
  duration_ms: 1.88775
  type: 'test'
  ...
# Subtest: hard-gate result must bind the current node effect
ok 278 - hard-gate result must bind the current node effect
  ---
  duration_ms: 1.255709
  type: 'test'
  ...
# Subtest: insufficient C11 evidence refuses before Tool and model access
ok 279 - insufficient C11 evidence refuses before Tool and model access
  ---
  duration_ms: 4.25875
  type: 'test'
  ...
# Subtest: C11 cannot mark an empty evidence set ready
ok 280 - C11 cannot mark an empty evidence set ready
  ---
  duration_ms: 1.964
  type: 'test'
  ...
# Subtest: C11 result must bind the current effect and frozen input
ok 281 - C11 result must bind the current effect and frozen input
  ---
  duration_ms: 1.603542
  type: 'test'
  ...
# Subtest: Tool receives the trusted identity envelope for C16 reauthorization
ok 282 - Tool receives the trusted identity envelope for C16 reauthorization
  ---
  duration_ms: 5.571042
  type: 'test'
  ...
# Subtest: Tool result without C16 reauthorization evidence fails closed
ok 283 - Tool result without C16 reauthorization evidence fails closed
  ---
  duration_ms: 2.44975
  type: 'test'
  ...
# Subtest: DRAFT is bound to the C11 evidence and C16 Tool result
ok 284 - DRAFT is bound to the C11 evidence and C16 Tool result
  ---
  duration_ms: 7.654875
  type: 'test'
  ...
# Subtest: model budget overage leaves the DRAFT checkpoint unadvanced
ok 285 - model budget overage leaves the DRAFT checkpoint unadvanced
  ---
  duration_ms: 4.046541
  type: 'test'
  ...
# Subtest: review model budget overage leaves the review checkpoint unadvanced
ok 286 - review model budget overage leaves the review checkpoint unadvanced
  ---
  duration_ms: 10.004375
  type: 'test'
  ...
# Subtest: review usage must be non-negative and internally consistent
ok 287 - review usage must be non-negative and internally consistent
  ---
  duration_ms: 16.6475
  type: 'test'
  ...
# Subtest: validation and independent review failures cannot reach HumanDecision
ok 288 - validation and independent review failures cannot reach HumanDecision
  ---
  duration_ms: 11.536625
  type: 'test'
  ...
# Subtest: validation and review cannot reuse a result for another artifact
ok 289 - validation and review cannot reuse a result for another artifact
  ---
  duration_ms: 11.186208
  type: 'test'
  ...
# Subtest: independent review is bound to distinct server-owned model identities
ok 290 - independent review is bound to distinct server-owned model identities
  ---
  duration_ms: 10.362417
  type: 'test'
  ...
# Subtest: same draft and review model is rejected before reviewer access
ok 291 - same draft and review model is rejected before reviewer access
  ---
  duration_ms: 14.620875
  type: 'test'
  ...
# Subtest: reviewer cannot forge model identity or self-assert independence
ok 292 - reviewer cannot forge model identity or self-assert independence
  ---
  duration_ms: 22.04775
  type: 'test'
  ...
# Subtest: Human gate rejects production-reusable or unbound decisions
ok 293 - Human gate rejects production-reusable or unbound decisions
  ---
  duration_ms: 12.786791
  type: 'test'
  ...
# Subtest: an exact retry after checkpoint ACK loss does not call C16 twice
ok 294 - an exact retry after checkpoint ACK loss does not call C16 twice
  ---
  duration_ms: 5.212875
  type: 'test'
  ...
# Subtest: a crash before checkpoint reuses one C16 effect key
ok 295 - a crash before checkpoint reuses one C16 effect key
  ---
  duration_ms: 3.4485
  type: 'test'
  ...
# Subtest: concurrent advances commit once and share one downstream effect key
ok 296 - concurrent advances commit once and share one downstream effect key
  ---
  duration_ms: 3.402875
  type: 'test'
  ...
# Subtest: concurrent exact START requests collapse to one receipt
ok 297 - concurrent exact START requests collapse to one receipt
  ---
  duration_ms: 0.609167
  type: 'test'
  ...
# Subtest: concurrent exact ADVANCE requests collapse to one receipt
ok 298 - concurrent exact ADVANCE requests collapse to one receipt
  ---
  duration_ms: 1.068166
  type: 'test'
  ...
# Subtest: concurrent exact RESUME requests collapse to one receipt
ok 299 - concurrent exact RESUME requests collapse to one receipt
  ---
  duration_ms: 9.740958
  type: 'test'
  ...
# Subtest: checkpoint snapshot resumes after service reconstruction
ok 300 - checkpoint snapshot resumes after service reconstruction
  ---
  duration_ms: 7.023875
  type: 'test'
  ...
# Subtest: stale versions fail before the next dependency and exact retries replay
ok 301 - stale versions fail before the next dependency and exact retries replay
  ---
  duration_ms: 1.027042
  type: 'test'
  ...
# Subtest: idempotency receipts are scoped by Tenant, human, and workload
ok 302 - idempotency receipts are scoped by Tenant, human, and workload
  ---
  duration_ms: 0.773125
  type: 'test'
  ...
# Subtest: recovery rejects a rehashed skipped node and catalog drift
ok 303 - recovery rejects a rehashed skipped node and catalog drift
  ---
  duration_ms: 1.395333
  type: 'test'
  ...
# Subtest: every loaded-state entry point fully validates checkpoint integrity
ok 304 - every loaded-state entry point fully validates checkpoint integrity
  ---
  duration_ms: 9.618917
  type: 'test'
  ...
# Subtest: advance and resume validate replayed State Port views before disclosure
ok 305 - advance and resume validate replayed State Port views before disclosure
  ---
  duration_ms: 10.158917
  type: 'test'
  ...
# Subtest: create and transact validate State Port views before disclosure
ok 306 - create and transact validate State Port views before disclosure
  ---
  duration_ms: 0.858584
  type: 'test'
  ...
# Subtest: advance rejects a replayed legal pre-state that did not commit
ok 307 - advance rejects a replayed legal pre-state that did not commit
  ---
  duration_ms: 0.503541
  type: 'test'
  ...
# Subtest: START rejects a replay flag whose receipt does not bind the returned task
ok 308 - START rejects a replay flag whose receipt does not bind the returned task
  ---
  duration_ms: 0.633833
  type: 'test'
  ...
# Subtest: ADVANCE rejects a replay flag whose receipt does not bind the command result
ok 309 - ADVANCE rejects a replay flag whose receipt does not bind the command result
  ---
  duration_ms: 0.97225
  type: 'test'
  ...
# Subtest: RESUME rejects a replay flag whose receipt does not bind the full command result
ok 310 - RESUME rejects a replay flag whose receipt does not bind the full command result
  ---
  duration_ms: 9.876208
  type: 'test'
  ...
# Subtest: an exact START retry returns only the receipt-bound original task
ok 311 - an exact START retry returns only the receipt-bound original task
  ---
  duration_ms: 0.4575
  type: 'test'
  ...
# Subtest: a rehashed node binding with an undeclared field is rejected
ok 312 - a rehashed node binding with an undeclared field is rejected
  ---
  duration_ms: 0.877333
  type: 'test'
  ...
# Subtest: direct authorization bypass, cross-owner read, and extra inputs fail closed
ok 313 - direct authorization bypass, cross-owner read, and extra inputs fail closed
  ---
  duration_ms: 0.443083
  type: 'test'
  ...
# Subtest: another Tenant cannot inspect or advance a task identifier
ok 314 - another Tenant cannot inspect or advance a task identifier
  ---
  duration_ms: 0.341042
  type: 'test'
  ...
# Subtest: malformed dependency output cannot enter a checkpoint
ok 315 - malformed dependency output cannot enter a checkpoint
  ---
  duration_ms: 4.309208
  type: 'test'
  ...
# Subtest: checkpoint state is metadata-only and never stores session or bodies
ok 316 - checkpoint state is metadata-only and never stores session or bodies
  ---
  duration_ms: 8.05825
  type: 'test'
  ...
# Subtest: C12 contracts freeze one explicit Synthetic-only graph
ok 317 - C12 contracts freeze one explicit Synthetic-only graph
  ---
  duration_ms: 6.460584
  type: 'test'
  ...
# Subtest: C12 source contracts contain no arbitrary execution surface
ok 318 - C12 source contracts contain no arbitrary execution surface
  ---
  duration_ms: 3.138209
  type: 'test'
  ...
# Subtest: C12 task inputs bind real three-Tenant Synthetic fixtures
ok 319 - C12 task inputs bind real three-Tenant Synthetic fixtures
  ---
  duration_ms: 1.770375
  type: 'test'
  ...
# Subtest: C12 catalog bindings match the frozen upstream artifacts
ok 320 - C12 catalog bindings match the frozen upstream artifacts
  ---
  duration_ms: 7.279583
  type: 'test'
  ...
# Subtest: C12 verification evidence is source-bound and Synthetic-only
ok 321 - C12 verification evidence is source-bound and Synthetic-only
  ---
  duration_ms: 11.118792
  type: 'test'
  ...
# Subtest: C13 C06 adapter rejects request-binding drift
ok 322 - C13 C06 adapter rejects request-binding drift
  ---
  duration_ms: 0.697584
  type: 'test'
  ...
# Subtest: C13 submit authorization cannot be replayed as approve or publish
ok 323 - C13 submit authorization cannot be replayed as approve or publish
  ---
  duration_ms: 0.170167
  type: 'test'
  ...
# Subtest: C13 deterministic frozen gate verifies every checked-in release
ok 324 - C13 deterministic frozen gate verifies every checked-in release
  ---
  duration_ms: 8.647875
  type: 'test'
  ...
# Subtest: C13 hosted source-review gate is read-only and pinned
ok 325 - C13 hosted source-review gate is read-only and pinned
  ---
  duration_ms: 0.632709
  type: 'test'
  ...
# Subtest: C13 hosted source-review gate runs only the frozen synthetic review boundary
ok 326 - C13 hosted source-review gate runs only the frozen synthetic review boundary
  ---
  duration_ms: 0.090959
  type: 'test'
  ...
# git: error: couldn't create cache file '/var/folders/0m/7kln3shx3_11bg256ygsbdph0000gn/T/xcrun_db-s4dmYcnT' (errno=Operation not permitted)
# git: error: couldn't create cache file '/var/folders/0m/7kln3shx3_11bg256ygsbdph0000gn/T/xcrun_db-YEWavPqk' (errno=Operation not permitted)
# git: error: couldn't create cache file '/var/folders/0m/7kln3shx3_11bg256ygsbdph0000gn/T/xcrun_db-nVr1gMxY' (errno=Operation not permitted)
# git: error: couldn't create cache file '/var/folders/0m/7kln3shx3_11bg256ygsbdph0000gn/T/xcrun_db-gIwDTFzq' (errno=Operation not permitted)
# git: error: couldn't create cache file '/var/folders/0m/7kln3shx3_11bg256ygsbdph0000gn/T/xcrun_db-SPSQ0pTG' (errno=Operation not permitted)
# git: error: couldn't create cache file '/var/folders/0m/7kln3shx3_11bg256ygsbdph0000gn/T/xcrun_db-3PGPBYgV' (errno=Operation not permitted)
# git: error: couldn't create cache file '/var/folders/0m/7kln3shx3_11bg256ygsbdph0000gn/T/xcrun_db-rmt5I2CX' (errno=Operation not permitted)
# git: error: couldn't create cache file '/var/folders/0m/7kln3shx3_11bg256ygsbdph0000gn/T/xcrun_db-tjivlXlt' (errno=Operation not permitted)
# git: error: couldn't create cache file '/var/folders/0m/7kln3shx3_11bg256ygsbdph0000gn/T/xcrun_db-JSh4RzeY' (errno=Operation not permitted)
# git: error: couldn't create cache file '/var/folders/0m/7kln3shx3_11bg256ygsbdph0000gn/T/xcrun_db-WJ6UkUR6' (errno=Operation not permitted)
# git: error: couldn't create cache file '/var/folders/0m/7kln3shx3_11bg256ygsbdph0000gn/T/xcrun_db-77aOkoI8' (errno=Operation not permitted)
# git: error: couldn't create cache file '/var/folders/0m/7kln3shx3_11bg256ygsbdph0000gn/T/xcrun_db-njDpKBcy' (errno=Operation not permitted)
# git: error: couldn't create cache file '/var/folders/0m/7kln3shx3_11bg256ygsbdph0000gn/T/xcrun_db-RFeEZLpN' (errno=Operation not permitted)
# git: error: couldn't create cache file '/var/folders/0m/7kln3shx3_11bg256ygsbdph0000gn/T/xcrun_db-5WJu1lxx' (errno=Operation not permitted)
# git: error: couldn't create cache file '/var/folders/0m/7kln3shx3_11bg256ygsbdph0000gn/T/xcrun_db-8abqPsqm' (errno=Operation not permitted)
# git: error: couldn't create cache file '/var/folders/0m/7kln3shx3_11bg256ygsbdph0000gn/T/xcrun_db-BIWboT3P' (errno=Operation not permitted)
# git: error: couldn't create cache file '/var/folders/0m/7kln3shx3_11bg256ygsbdph0000gn/T/xcrun_db-PSKwcfpV' (errno=Operation not permitted)
# git: error: couldn't create cache file '/var/folders/0m/7kln3shx3_11bg256ygsbdph0000gn/T/xcrun_db-TIOJsQEa' (errno=Operation not permitted)
# git: error: couldn't create cache file '/var/folders/0m/7kln3shx3_11bg256ygsbdph0000gn/T/xcrun_db-NvghWJTK' (errno=Operation not permitted)
# git: error: couldn't create cache file '/var/folders/0m/7kln3shx3_11bg256ygsbdph0000gn/T/xcrun_db-mJNNpeDr' (errno=Operation not permitted)
# git: error: couldn't create cache file '/var/folders/0m/7kln3shx3_11bg256ygsbdph0000gn/T/xcrun_db-w5skdlKX' (errno=Operation not permitted)
# git: error: couldn't create cache file '/var/folders/0m/7kln3shx3_11bg256ygsbdph0000gn/T/xcrun_db-DLLCsnqR' (errno=Operation not permitted)
# git: error: couldn't create cache file '/var/folders/0m/7kln3shx3_11bg256ygsbdph0000gn/T/xcrun_db-JIePvp1C' (errno=Operation not permitted)
# git: error: couldn't create cache file '/var/folders/0m/7kln3shx3_11bg256ygsbdph0000gn/T/xcrun_db-lunbpjPD' (errno=Operation not permitted)
# git: error: couldn't create cache file '/var/folders/0m/7kln3shx3_11bg256ygsbdph0000gn/T/xcrun_db-7mfUJHQo' (errno=Operation not permitted)
# git: error: couldn't create cache file '/var/folders/0m/7kln3shx3_11bg256ygsbdph0000gn/T/xcrun_db-W4s9H8EV' (errno=Operation not permitted)
# git: error: couldn't create cache file '/var/folders/0m/7kln3shx3_11bg256ygsbdph0000gn/T/xcrun_db-7NI3Futt' (errno=Operation not permitted)
# git: error: couldn't create cache file '/var/folders/0m/7kln3shx3_11bg256ygsbdph0000gn/T/xcrun_db-zDj9qeHh' (errno=Operation not permitted)
# git: error: couldn't create cache file '/var/folders/0m/7kln3shx3_11bg256ygsbdph0000gn/T/xcrun_db-eaKL9U2U' (errno=Operation not permitted)
# git: error: couldn't create cache file '/var/folders/0m/7kln3shx3_11bg256ygsbdph0000gn/T/xcrun_db-3u8yiOL9' (errno=Operation not permitted)
# git: error: couldn't create cache file '/var/folders/0m/7kln3shx3_11bg256ygsbdph0000gn/T/xcrun_db-Mz7DChuX' (errno=Operation not permitted)
# git: error: couldn't create cache file '/var/folders/0m/7kln3shx3_11bg256ygsbdph0000gn/T/xcrun_db-Lb6aQKis' (errno=Operation not permitted)
# git: error: couldn't create cache file '/var/folders/0m/7kln3shx3_11bg256ygsbdph0000gn/T/xcrun_db-B7lgeSyl' (errno=Operation not permitted)
# git: error: couldn't create cache file '/var/folders/0m/7kln3shx3_11bg256ygsbdph0000gn/T/xcrun_db-ZQXEJW14' (errno=Operation not permitted)
# git: error: couldn't create cache file '/var/folders/0m/7kln3shx3_11bg256ygsbdph0000gn/T/xcrun_db-MtgV40Bf' (errno=Operation not permitted)
# git: error: couldn't create cache file '/var/folders/0m/7kln3shx3_11bg256ygsbdph0000gn/T/xcrun_db-hXrE4vao' (errno=Operation not permitted)
# git: error: couldn't create cache file '/var/folders/0m/7kln3shx3_11bg256ygsbdph0000gn/T/xcrun_db-010PjDxV' (errno=Operation not permitted)
# git: error: couldn't create cache file '/var/folders/0m/7kln3shx3_11bg256ygsbdph0000gn/T/xcrun_db-QBMjgVj9' (errno=Operation not permitted)
# git: error: couldn't create cache file '/var/folders/0m/7kln3shx3_11bg256ygsbdph0000gn/T/xcrun_db-v4brjjnC' (errno=Operation not permitted)
# git: error: couldn't create cache file '/var/folders/0m/7kln3shx3_11bg256ygsbdph0000gn/T/xcrun_db-HOPkXCPT' (errno=Operation not permitted)
# git: error: couldn't create cache file '/var/folders/0m/7kln3shx3_11bg256ygsbdph0000gn/T/xcrun_db-O7Oelpee' (errno=Operation not permitted)
# git: error: couldn't create cache file '/var/folders/0m/7kln3shx3_11bg256ygsbdph0000gn/T/xcrun_db-Fa2IKRtu' (errno=Operation not permitted)
# git: error: couldn't create cache file '/var/folders/0m/7kln3shx3_11bg256ygsbdph0000gn/T/xcrun_db-PkuadMaz' (errno=Operation not permitted)
# git: error: couldn't create cache file '/var/folders/0m/7kln3shx3_11bg256ygsbdph0000gn/T/xcrun_db-5ALXP9fc' (errno=Operation not permitted)
# git: error: couldn't create cache file '/var/folders/0m/7kln3shx3_11bg256ygsbdph0000gn/T/xcrun_db-eOq9s1fA' (errno=Operation not permitted)
# git: error: couldn't create cache file '/var/folders/0m/7kln3shx3_11bg256ygsbdph0000gn/T/xcrun_db-xzGV3pE5' (errno=Operation not permitted)
# git: error: couldn't create cache file '/var/folders/0m/7kln3shx3_11bg256ygsbdph0000gn/T/xcrun_db-9h7tzz79' (errno=Operation not permitted)
# git: error: couldn't create cache file '/var/folders/0m/7kln3shx3_11bg256ygsbdph0000gn/T/xcrun_db-CSlTZZt9' (errno=Operation not permitted)
# git: error: couldn't create cache file '/var/folders/0m/7kln3shx3_11bg256ygsbdph0000gn/T/xcrun_db-xhddsW9a' (errno=Operation not permitted)
# git: error: couldn't create cache file '/var/folders/0m/7kln3shx3_11bg256ygsbdph0000gn/T/xcrun_db-xJEbiaee' (errno=Operation not permitted)
# git: error: couldn't create cache file '/var/folders/0m/7kln3shx3_11bg256ygsbdph0000gn/T/xcrun_db-MR1PDmBR' (errno=Operation not permitted)
# git: error: couldn't create cache file '/var/folders/0m/7kln3shx3_11bg256ygsbdph0000gn/T/xcrun_db-SyIJdlHb' (errno=Operation not permitted)
# git: error: couldn't create cache file '/var/folders/0m/7kln3shx3_11bg256ygsbdph0000gn/T/xcrun_db-c5fQmSEW' (errno=Operation not permitted)
# git: error: couldn't create cache file '/var/folders/0m/7kln3shx3_11bg256ygsbdph0000gn/T/xcrun_db-How7f39r' (errno=Operation not permitted)
# git: error: couldn't create cache file '/var/folders/0m/7kln3shx3_11bg256ygsbdph0000gn/T/xcrun_db-SrctEPFN' (errno=Operation not permitted)
# git: error: couldn't create cache file '/var/folders/0m/7kln3shx3_11bg256ygsbdph0000gn/T/xcrun_db-W6RyEgkp' (errno=Operation not permitted)
# git: error: couldn't create cache file '/var/folders/0m/7kln3shx3_11bg256ygsbdph0000gn/T/xcrun_db-YKekmzWI' (errno=Operation not permitted)
# git: error: couldn't create cache file '/var/folders/0m/7kln3shx3_11bg256ygsbdph0000gn/T/xcrun_db-Kz9gCn2j' (errno=Operation not permitted)
# git: error: couldn't create cache file '/var/folders/0m/7kln3shx3_11bg256ygsbdph0000gn/T/xcrun_db-gf7vhVr7' (errno=Operation not permitted)
# git: error: couldn't create cache file '/var/folders/0m/7kln3shx3_11bg256ygsbdph0000gn/T/xcrun_db-55T3T4GZ' (errno=Operation not permitted)
# git: error: couldn't create cache file '/var/folders/0m/7kln3shx3_11bg256ygsbdph0000gn/T/xcrun_db-78CYhT0v' (errno=Operation not permitted)
# git: error: couldn't create cache file '/var/folders/0m/7kln3shx3_11bg256ygsbdph0000gn/T/xcrun_db-QQkNiexH' (errno=Operation not permitted)
# git: error: couldn't create cache file '/var/folders/0m/7kln3shx3_11bg256ygsbdph0000gn/T/xcrun_db-naY0s52M' (errno=Operation not permitted)
# git: error: couldn't create cache file '/var/folders/0m/7kln3shx3_11bg256ygsbdph0000gn/T/xcrun_db-x2dVbGkA' (errno=Operation not permitted)
# git: error: couldn't create cache file '/var/folders/0m/7kln3shx3_11bg256ygsbdph0000gn/T/xcrun_db-T1cToMPe' (errno=Operation not permitted)
# git: error: couldn't create cache file '/var/folders/0m/7kln3shx3_11bg256ygsbdph0000gn/T/xcrun_db-fwMVqoni' (errno=Operation not permitted)
# git: error: couldn't create cache file '/var/folders/0m/7kln3shx3_11bg256ygsbdph0000gn/T/xcrun_db-eumy5pEc' (errno=Operation not permitted)
# git: error: couldn't create cache file '/var/folders/0m/7kln3shx3_11bg256ygsbdph0000gn/T/xcrun_db-wK6XF40S' (errno=Operation not permitted)
# git: error: couldn't create cache file '/var/folders/0m/7kln3shx3_11bg256ygsbdph0000gn/T/xcrun_db-nzsry8H6' (errno=Operation not permitted)
# git: error: couldn't create cache file '/var/folders/0m/7kln3shx3_11bg256ygsbdph0000gn/T/xcrun_db-5EsKEZ3m' (errno=Operation not permitted)
# git: error: couldn't create cache file '/var/folders/0m/7kln3shx3_11bg256ygsbdph0000gn/T/xcrun_db-RLXZ6KPL' (errno=Operation not permitted)
# git: error: couldn't create cache file '/var/folders/0m/7kln3shx3_11bg256ygsbdph0000gn/T/xcrun_db-aeIoaV7E' (errno=Operation not permitted)
# git: error: couldn't create cache file '/var/folders/0m/7kln3shx3_11bg256ygsbdph0000gn/T/xcrun_db-s1Hl8fnd' (errno=Operation not permitted)
# git: error: couldn't create cache file '/var/folders/0m/7kln3shx3_11bg256ygsbdph0000gn/T/xcrun_db-xAzpsJaZ' (errno=Operation not permitted)
# git: error: couldn't create cache file '/var/folders/0m/7kln3shx3_11bg256ygsbdph0000gn/T/xcrun_db-q3qOXb2C' (errno=Operation not permitted)
# git: error: couldn't create cache file '/var/folders/0m/7kln3shx3_11bg256ygsbdph0000gn/T/xcrun_db-PaDZ3n4A' (errno=Operation not permitted)
# git: error: couldn't create cache file '/var/folders/0m/7kln3shx3_11bg256ygsbdph0000gn/T/xcrun_db-KQEhRVtL' (errno=Operation not permitted)
# git: error: couldn't create cache file '/var/folders/0m/7kln3shx3_11bg256ygsbdph0000gn/T/xcrun_db-JFWTFsje' (errno=Operation not permitted)
# git: error: couldn't create cache file '/var/folders/0m/7kln3shx3_11bg256ygsbdph0000gn/T/xcrun_db-44RlZIY6' (errno=Operation not permitted)
# git: error: couldn't create cache file '/var/folders/0m/7kln3shx3_11bg256ygsbdph0000gn/T/xcrun_db-sU60O6lz' (errno=Operation not permitted)
# git: error: couldn't create cache file '/var/folders/0m/7kln3shx3_11bg256ygsbdph0000gn/T/xcrun_db-Y7ui2Rgn' (errno=Operation not permitted)
# git: error: couldn't create cache file '/var/folders/0m/7kln3shx3_11bg256ygsbdph0000gn/T/xcrun_db-SENNfkG7' (errno=Operation not permitted)
# Subtest: C13 P1 synthetic verification evidence is intact
ok 327 - C13 P1 synthetic verification evidence is intact
  ---
  duration_ms: 626.073875
  type: 'test'
  ...
# Subtest: C13 catalog is frozen to three Synthetic Tenants and the F04 suite
ok 328 - C13 catalog is frozen to three Synthetic Tenants and the F04 suite
  ---
  duration_ms: 1.950375
  type: 'test'
  ...
# Subtest: C13 catalog binds source review and evaluation to tenant, version and digest
ok 329 - C13 catalog binds source review and evaluation to tenant, version and digest
  ---
  duration_ms: 1.337667
  type: 'test'
  ...
# Subtest: C13 catalog snapshots and recursively freezes trusted evaluation state
ok 330 - C13 catalog snapshots and recursively freezes trusted evaluation state
  ---
  duration_ms: 0.540208
  type: 'test'
  ...
# Subtest: C13 recomputes the frozen F04 gate and blocks missing case evidence
ok 331 - C13 recomputes the frozen F04 gate and blocks missing case evidence
  ---
  duration_ms: 1.160208
  type: 'test'
  ...
# Subtest: C13 source review references are real file hashes
ok 332 - C13 source review references are real file hashes
  ---
  duration_ms: 4.64325
  type: 'test'
  ...
# Subtest: C13 catalog enforces the complete F04 decision precedence
ok 333 - C13 catalog enforces the complete F04 decision precedence
  ---
  duration_ms: 1.579709
  type: 'test'
  ...
# Subtest: C13 rejects an embedded evaluation that disagrees with its hashed report bundle
ok 334 - C13 rejects an embedded evaluation that disagrees with its hashed report bundle
  ---
  duration_ms: 0.208833
  type: 'test'
  ...
# Subtest: C14 C06 adapter returns a complete bound decision
ok 335 - C14 C06 adapter returns a complete bound decision
  ---
  duration_ms: 0.9105
  type: 'test'
  ...
# Subtest: C14 C06 adapter denies incomplete, denied, and unavailable decisions
ok 336 - C14 C06 adapter denies incomplete, denied, and unavailable decisions
  ---
  duration_ms: 0.424041
  type: 'test'
  ...
# Subtest: C14 file receipt survives provider restart without a second effect
ok 337 - C14 file receipt survives provider restart without a second effect
  ---
  duration_ms: 17.339041
  type: 'test'
  ...
# Subtest: concurrent C14 provider processes persist one effect
ok 338 - concurrent C14 provider processes persist one effect
  ---
  duration_ms: 14.789291
  type: 'test'
  ...
# Subtest: C15-AC05 supplemental evidence resolves to exact Git-frozen source artifacts
ok 339 - C15-AC05 supplemental evidence resolves to exact Git-frozen source artifacts
  ---
  duration_ms: 44.907709
  type: 'test'
  ...
# Subtest: C15 C06 adapter binds every operation and leaf delegation
ok 340 - C15 C06 adapter binds every operation and leaf delegation
  ---
  duration_ms: 0.639833
  type: 'test'
  ...
# Subtest: C15 C06 adapter fails closed on operation, denial and binding changes
ok 341 - C15 C06 adapter fails closed on operation, denial and binding changes
  ---
  duration_ms: 0.401792
  type: 'test'
  ...
# Subtest: C15 reaches each state change only after a real C06 allow
ok 342 - C15 reaches each state change only after a real C06 allow
  ---
  duration_ms: 15.553375
  type: 'test'
  ...
# Subtest: a revoked old C06 Allow cannot reach C15 effect storage
ok 343 - a revoked old C06 Allow cannot reach C15 effect storage
  ---
  duration_ms: 5.134709
  type: 'test'
  ...
# Subtest: registered C15 publisher persists one idempotent C18 event
ok 344 - registered C15 publisher persists one idempotent C18 event
  ---
  duration_ms: 5.351917
  type: 'test'
  ...
# Subtest: C15 contracts are closed and Synthetic-only
ok 345 - C15 contracts are closed and Synthetic-only
  ---
  duration_ms: 0.662625
  type: 'test'
  ...
# Subtest: C15 SQL fixes migrations, FORCE RLS, roles and paired Outboxes
ok 346 - C15 SQL fixes migrations, FORCE RLS, roles and paired Outboxes
  ---
  duration_ms: 1.696666
  type: 'test'
  ...
# Subtest: C15 documentation and runner preserve the P1 boundary
ok 347 - C15 documentation and runner preserve the P1 boundary
  ---
  duration_ms: 0.184208
  type: 'test'
  ...
# Subtest: C15 uses deterministic RFC 8785 canonicalization
ok 348 - C15 uses deterministic RFC 8785 canonicalization
  ---
  duration_ms: 0.9665
  type: 'test'
  ...
# Subtest: three Synthetic Tenants complete isolated decision workflows
ok 349 - three Synthetic Tenants complete isolated decision workflows
  ---
  duration_ms: 12.464833
  type: 'test'
  ...
# Subtest: server computes complete differences, sources and risks
ok 350 - server computes complete differences, sources and risks
  ---
  duration_ms: 3.687083
  type: 'test'
  ...
# Subtest: object and catalog binding changes invalidate an old decision
ok 351 - object and catalog binding changes invalidate an old decision
  ---
  duration_ms: 2.215834
  type: 'test'
  ...
# Subtest: every approved parameter change invalidates the old decision without queuing an Effect
    # Subtest: C15-AC05-FIELD-AMOUNT
    ok 1 - C15-AC05-FIELD-AMOUNT
      ---
      duration_ms: 2.485833
      type: 'test'
      ...
    # Subtest: C15-AC05-FIELD-SUBJECT
    ok 2 - C15-AC05-FIELD-SUBJECT
      ---
      duration_ms: 2.202208
      type: 'test'
      ...
    # Subtest: C15-AC05-RECIPIENT-REF
    ok 3 - C15-AC05-RECIPIENT-REF
      ---
      duration_ms: 1.788292
      type: 'test'
      ...
    # Subtest: C15-AC05-RECIPIENT-ROLE
    ok 4 - C15-AC05-RECIPIENT-ROLE
      ---
      duration_ms: 3.691042
      type: 'test'
      ...
    # Subtest: C15-AC05-ALLOWED-ATTACHMENT
    ok 5 - C15-AC05-ALLOWED-ATTACHMENT
      ---
      duration_ms: 2.82275
      type: 'test'
      ...
    # Subtest: C15-AC05-RULE-VERSION-DIGEST
    ok 6 - C15-AC05-RULE-VERSION-DIGEST
      ---
      duration_ms: 2.6095
      type: 'test'
      ...
    # Subtest: C15-AC05-SKILL-VERSION-DIGEST
    ok 7 - C15-AC05-SKILL-VERSION-DIGEST
      ---
      duration_ms: 5.972666
      type: 'test'
      ...
    # Subtest: C15-AC05-MODEL-VERSION-DIGEST
    ok 8 - C15-AC05-MODEL-VERSION-DIGEST
      ---
      duration_ms: 2.059791
      type: 'test'
      ...
    # Subtest: C15-AC05-KNOWLEDGE-VERSION-DIGEST
    ok 9 - C15-AC05-KNOWLEDGE-VERSION-DIGEST
      ---
      duration_ms: 2.043667
      type: 'test'
      ...
    # Subtest: C15-AC05-WORKFLOW-CATALOG-VERSION
    ok 10 - C15-AC05-WORKFLOW-CATALOG-VERSION
      ---
      duration_ms: 5.779584
      type: 'test'
      ...
    1..10
ok 352 - every approved parameter change invalidates the old decision without queuing an Effect
  ---
  duration_ms: 34.561
  type: 'test'
  ...
# Subtest: chat consent, stage approval and ordinary button values are rejected
ok 353 - chat consent, stage approval and ordinary button values are rejected
  ---
  duration_ms: 1.048375
  type: 'test'
  ...
# Subtest: expiry, withdrawal, identity revocation and hash tampering fail closed
ok 354 - expiry, withdrawal, identity revocation and hash tampering fail closed
  ---
  duration_ms: 5.944584
  type: 'test'
  ...
# Subtest: identity lifecycle versions are validated and revoke old decisions
    # Subtest: Human lifecycle must be positive
    ok 1 - Human lifecycle must be positive
      ---
      duration_ms: 0.333333
      type: 'test'
      ...
    # Subtest: Human lifecycle change revokes
    ok 2 - Human lifecycle change revokes
      ---
      duration_ms: 1.112541
      type: 'test'
      ...
    # Subtest: Workload lifecycle must be positive
    ok 3 - Workload lifecycle must be positive
      ---
      duration_ms: 0.293708
      type: 'test'
      ...
    # Subtest: Workload lifecycle change revokes
    ok 4 - Workload lifecycle change revokes
      ---
      duration_ms: 0.78125
      type: 'test'
      ...
    1..4
ok 355 - identity lifecycle versions are validated and revoke old decisions
  ---
  duration_ms: 2.796292
  type: 'test'
  ...
# Subtest: effect completion receipts have closed terminal-specific semantics
    # Subtest: commit extra field
    ok 1 - commit extra field
      ---
      duration_ms: 0.099625
      type: 'test'
      ...
    # Subtest: commit false
    ok 2 - commit false
      ---
      duration_ms: 0.065666
      type: 'test'
      ...
    # Subtest: commit operation mismatch
    ok 3 - commit operation mismatch
      ---
      duration_ms: 0.03425
      type: 'test'
      ...
    # Subtest: commit and readback swapped
    ok 4 - commit and readback swapped
      ---
      duration_ms: 0.031958
      type: 'test'
      ...
    # Subtest: readback extra field
    ok 5 - readback extra field
      ---
      duration_ms: 0.035583
      type: 'test'
      ...
    # Subtest: successful observed state mismatch
    ok 6 - successful observed state mismatch
      ---
      duration_ms: 0.05375
      type: 'test'
      ...
    # Subtest: successful readback hash mismatch
    ok 7 - successful readback hash mismatch
      ---
      duration_ms: 0.048625
      type: 'test'
      ...
    # Subtest: compensated rejects a still-mismatched final readback
    ok 8 - compensated rejects a still-mismatched final readback
      ---
      duration_ms: 0.062083
      type: 'test'
      ...
    # Subtest: compensated rejects failure receipt
    ok 9 - compensated rejects failure receipt
      ---
      duration_ms: 0.59425
      type: 'test'
      ...
    # Subtest: compensated flag must be true
    ok 10 - compensated flag must be true
      ---
      duration_ms: 0.09725
      type: 'test'
      ...
    # Subtest: failed rejects success receipt
    ok 11 - failed rejects success receipt
      ---
      duration_ms: 0.052708
      type: 'test'
      ...
    # Subtest: failure error code is required
    ok 12 - failure error code is required
      ---
      duration_ms: 0.040458
      type: 'test'
      ...
    # Subtest: failure receipt rejects extra fields
    ok 13 - failure receipt rejects extra fields
      ---
      duration_ms: 0.347459
      type: 'test'
      ...
    # Subtest: non-success readback cannot claim applied
    ok 14 - non-success readback cannot claim applied
      ---
      duration_ms: 0.093208
      type: 'test'
      ...
    # Subtest: non-success hash must bind observed state
    ok 15 - non-success hash must bind observed state
      ---
      duration_ms: 0.063792
      type: 'test'
      ...
    # Subtest: compensated observation requires compensated hash
    ok 16 - compensated observation requires compensated hash
      ---
      duration_ms: 0.053375
      type: 'test'
      ...
    1..16
ok 356 - effect completion receipts have closed terminal-specific semantics
  ---
  duration_ms: 3.789042
  type: 'test'
  ...
# Subtest: idempotency, effect readback, compensation and request loss are safe
ok 357 - idempotency, effect readback, compensation and request loss are safe
  ---
  duration_ms: 11.807542
  type: 'test'
  ...
# Subtest: compensation remains terminal when completeEffect commits before its ACK is lost
ok 358 - compensation remains terminal when completeEffect commits before its ACK is lost
  ---
  duration_ms: 1.768625
  type: 'test'
  ...
# Subtest: memory store rejects audit collisions before mutating business state
ok 359 - memory store rejects audit collisions before mutating business state
  ---
  duration_ms: 2.78075
  type: 'test'
  ...
# Subtest: memory decision, withdrawal and queue audit collisions are atomic
    # Subtest: decision
    ok 1 - decision
      ---
      duration_ms: 1.016916
      type: 'test'
      ...
    # Subtest: withdrawal
    ok 2 - withdrawal
      ---
      duration_ms: 1.030167
      type: 'test'
      ...
    # Subtest: effect queue
    ok 3 - effect queue
      ---
      duration_ms: 1.739208
      type: 'test'
      ...
    1..3
ok 360 - memory decision, withdrawal and queue audit collisions are atomic
  ---
  duration_ms: 4.042042
  type: 'test'
  ...
# Subtest: memory store rejects effect ID collisions without overwriting the first effect
ok 361 - memory store rejects effect ID collisions without overwriting the first effect
  ---
  duration_ms: 1.801542
  type: 'test'
  ...
# Subtest: memory completion audit collision leaves the Effect retryable
ok 362 - memory completion audit collision leaves the Effect retryable
  ---
  duration_ms: 1.903708
  type: 'test'
  ...
# Subtest: metadata-only audit Outbox is recoverable and C18 publishing is idempotent
ok 363 - metadata-only audit Outbox is recoverable and C18 publishing is idempotent
  ---
  duration_ms: 1.654666
  type: 'test'
  ...
# Subtest: C15 v2 evidence binds atomic memory and transactional PostgreSQL paths
ok 364 - C15 v2 evidence binds atomic memory and transactional PostgreSQL paths
  ---
  duration_ms: 1104.131792
  type: 'test'
  ...
# Subtest: C16 C06 Adapter binds all three stages to TOOL_CALL
ok 365 - C16 C06 Adapter binds all three stages to TOOL_CALL
  ---
  duration_ms: 0.660333
  type: 'test'
  ...
# Subtest: C16 C06 Adapter fails closed on descriptor, denial, and binding drift
ok 366 - C16 C06 Adapter fails closed on descriptor, denial, and binding drift
  ---
  duration_ms: 0.6575
  type: 'test'
  ...
# Subtest: C16 discover, confirm and execute each pass through the real C06 facade
ok 367 - C16 discover, confirm and execute each pass through the real C06 facade
  ---
  duration_ms: 15.3635
  type: 'test'
  ...
# Subtest: C16 reauthorizes execution and a real C06 deny prevents adapter use
ok 368 - C16 reauthorizes execution and a real C06 deny prevents adapter use
  ---
  duration_ms: 1.983917
  type: 'test'
  ...
# Subtest: C16 catalog, OpenAPI, and MCP projection share one closed operation set
ok 369 - C16 catalog, OpenAPI, and MCP projection share one closed operation set
  ---
  duration_ms: 5.846792
  type: 'test'
  ...
# Subtest: C16 fixtures cover three Synthetic Tenants and all three C0 tool classes
ok 370 - C16 fixtures cover three Synthetic Tenants and all three C0 tool classes
  ---
  duration_ms: 0.767334
  type: 'test'
  ...
# Subtest: C16 catalog rejects structurally valid local substitutions
ok 371 - C16 catalog rejects structurally valid local substitutions
  ---
  duration_ms: 1.525917
  type: 'test'
  ...
# Subtest: C16 verification matrix fixes required negative and recovery evidence
ok 372 - C16 verification matrix fixes required negative and recovery evidence
  ---
  duration_ms: 0.919542
  type: 'test'
  ...
# Subtest: C16 source contains no live endpoint, generic execution primitive, or embedded credential
ok 373 - C16 source contains no live endpoint, generic execution primitive, or embedded credential
  ---
  duration_ms: 7.811167
  type: 'test'
  ...
# Subtest: opaque capability expires, revokes, and cannot cross any scope field
ok 374 - opaque capability expires, revokes, and cannot cross any scope field
  ---
  duration_ms: 2.026417
  type: 'test'
  ...
# Subtest: C0 Adapter deduplicates effect keys and returns no capability material
ok 375 - C0 Adapter deduplicates effect keys and returns no capability material
  ---
  duration_ms: 2.224375
  type: 'test'
  ...
# Subtest: C0 Adapter accepts only the exact fixed nine-row fixture
ok 376 - C0 Adapter accepts only the exact fixed nine-row fixture
  ---
  duration_ms: 0.221958
  type: 'test'
  ...
# Subtest: C0 Adapter fails closed on rate limit and injected failure
ok 377 - C0 Adapter fails closed on rate limit and injected failure
  ---
  duration_ms: 0.55375
  type: 'test'
  ...
# Subtest: C18 publisher ACK loss retries the same metadata-only intent idempotently
ok 378 - C18 publisher ACK loss retries the same metadata-only intent idempotently
  ---
  duration_ms: 9.408042
  type: 'test'
  ...
# Subtest: discover reauthorizes a named closed-catalog operation
ok 379 - discover reauthorizes a named closed-catalog operation
  ---
  duration_ms: 2.209333
  type: 'test'
  ...
# Subtest: confirm canonicalizes only the operation's declared parameters
ok 380 - confirm canonicalizes only the operation's declared parameters
  ---
  duration_ms: 2.448583
  type: 'test'
  ...
# Subtest: confirm rejects undeclared execution surfaces and unsafe objects
ok 381 - confirm rejects undeclared execution surfaces and unsafe objects
  ---
  duration_ms: 0.789
  type: 'test'
  ...
# Subtest: a C05 identity change during confirm fails before persistence
ok 382 - a C05 identity change during confirm fails before persistence
  ---
  duration_ms: 0.452709
  type: 'test'
  ...
# Subtest: execute binds current authority and returns one deterministic C0 receipt
ok 383 - execute binds current authority and returns one deterministic C0 receipt
  ---
  duration_ms: 2.604375
  type: 'test'
  ...
# Subtest: execute rejects Tenant, C05 lifecycle, and C06 policy drift before Adapter use
ok 384 - execute rejects Tenant, C05 lifecycle, and C06 policy drift before Adapter use
  ---
  duration_ms: 2.341667
  type: 'test'
  ...
# Subtest: execute rejects changed identity, Tenant, hashes, expiry, and confirmation replay before Adapter use
ok 385 - execute rejects changed identity, Tenant, hashes, expiry, and confirmation replay before Adapter use
  ---
  duration_ms: 3.633833
  type: 'test'
  ...
# Subtest: execute uses request idempotency and never returns the private capability
ok 386 - execute uses request idempotency and never returns the private capability
  ---
  duration_ms: 1.145375
  type: 'test'
  ...
# Subtest: Gateway rejects and never persists capability-bearing Adapter output
ok 387 - Gateway rejects and never persists capability-bearing Adapter output
  ---
  duration_ms: 0.721292
  type: 'test'
  ...
# Subtest: a lost completion ACK retries without a second Adapter execution
ok 388 - a lost completion ACK retries without a second Adapter execution
  ---
  duration_ms: 1.294542
  type: 'test'
  ...
# Subtest: C17-AC05 reliability evidence binds the remediated source and current execution boundary
ok 389 - C17-AC05 reliability evidence binds the remediated source and current execution boundary
  ---
  duration_ms: 81.449625
  type: 'test'
  ...
# Subtest: validator accepts and freezes one canonical request envelope
ok 390 - validator accepts and freezes one canonical request envelope
  ---
  duration_ms: 0.973917
  type: 'test'
  ...
# Subtest: validator rejects extra fields and schema injection
ok 391 - validator rejects extra fields and schema injection
  ---
  duration_ms: 0.36875
  type: 'test'
  ...
# Subtest: validator inertly rejects Envelope accessors and Proxies
ok 392 - validator inertly rejects Envelope accessors and Proxies
  ---
  duration_ms: 0.08825
  type: 'test'
  ...
# Subtest: validator rejects non-JSON result data
ok 393 - validator rejects non-JSON result data
  ---
  duration_ms: 0.225792
  type: 'test'
  ...
# Subtest: validator rejects a 20000-level JSON request without reaching the Adapter
ok 394 - validator rejects a 20000-level JSON request without reaching the Adapter
  ---
  duration_ms: 4.723417
  type: 'test'
  ...
# Subtest: validator accepts F03 date-time variants and normalizes them to UTC milliseconds
ok 395 - validator accepts F03 date-time variants and normalizes them to UTC milliseconds
  ---
  duration_ms: 0.248125
  type: 'test'
  ...
# Subtest: template catalog exposes exactly three disabled read-only categories
ok 396 - template catalog exposes exactly three disabled read-only categories
  ---
  duration_ms: 0.305875
  type: 'test'
  ...
# Subtest: template catalog rejects compatible-looking local widening
ok 397 - template catalog rejects compatible-looking local widening
  ---
  duration_ms: 0.802917
  type: 'test'
  ...
# Subtest: template catalog inertly rejects accessors and Proxies
ok 398 - template catalog inertly rejects accessors and Proxies
  ---
  duration_ms: 0.183209
  type: 'test'
  ...
# Subtest: template catalog inertly rejects schema values with nested accessors and Proxies
ok 399 - template catalog inertly rejects schema values with nested accessors and Proxies
  ---
  duration_ms: 0.283667
  type: 'test'
  ...
# Subtest: SDK rejects an unregistered Adapter while C0 is disabled
ok 400 - SDK rejects an unregistered Adapter while C0 is disabled
  ---
  duration_ms: 0.711875
  type: 'test'
  ...
# Subtest: SDK inertly rejects configuration accessors and Proxies
ok 401 - SDK inertly rejects configuration accessors and Proxies
  ---
  duration_ms: 1.684167
  type: 'test'
  ...
# Subtest: SDK rejects an unregistered capability Broker while C0 is disabled
ok 402 - SDK rejects an unregistered capability Broker while C0 is disabled
  ---
  duration_ms: 0.529458
  type: 'test'
  ...
# Subtest: C17 capability Broker rejects executable configuration hooks
ok 403 - C17 capability Broker rejects executable configuration hooks
  ---
  duration_ms: 0.069708
  type: 'test'
  ...
# Subtest: C17 capability Broker inertly rejects accessor and Proxy scopes
ok 404 - C17 capability Broker inertly rejects accessor and Proxy scopes
  ---
  duration_ms: 0.118792
  type: 'test'
  ...
# Subtest: C17 capability Broker inertly denies accessor and Proxy authorization values
ok 405 - C17 capability Broker inertly denies accessor and Proxy authorization values
  ---
  duration_ms: 0.75425
  type: 'test'
  ...
# Subtest: SDK consumes one C16 capability and returns a canonical result
ok 406 - SDK consumes one C16 capability and returns a canonical result
  ---
  duration_ms: 1.791834
  type: 'test'
  ...
# Subtest: SDK rejects a CURRENT result observed before the requested as-of time
ok 407 - SDK rejects a CURRENT result observed before the requested as-of time
  ---
  duration_ms: 0.969334
  type: 'test'
  ...
# Subtest: SDK rejects an older observation after accepting a newer result for the same lookup
ok 408 - SDK rejects an older observation after accepting a newer result for the same lookup
  ---
  duration_ms: 0.912333
  type: 'test'
  ...
# Subtest: SDK inertly rejects nested context accessors and Proxies
ok 409 - SDK inertly rejects nested context accessors and Proxies
  ---
  duration_ms: 2.237291
  type: 'test'
  ...
# Subtest: SDK inertly denies capability accessors and Proxies
ok 410 - SDK inertly denies capability accessors and Proxies
  ---
  duration_ms: 1.35275
  type: 'test'
  ...
# Subtest: SDK rejects an expired C16 capability before Mock access
ok 411 - SDK rejects an expired C16 capability before Mock access
  ---
  duration_ms: 1.102375
  type: 'test'
  ...
# Subtest: SDK rejects a revoked C16 capability before Mock access
ok 412 - SDK rejects a revoked C16 capability before Mock access
  ---
  duration_ms: 2.103833
  type: 'test'
  ...
# Subtest: SDK fails closed when authorization is missing or forged
ok 413 - SDK fails closed when authorization is missing or forged
  ---
  duration_ms: 1.79975
  type: 'test'
  ...
# Subtest: SDK rejects Tenant confusion before Mock access
ok 414 - SDK rejects Tenant confusion before Mock access
  ---
  duration_ms: 0.798666
  type: 'test'
  ...
# Subtest: SDK rejects operation, call, and audience capability mismatches before Mock access
ok 415 - SDK rejects operation, call, and audience capability mismatches before Mock access
  ---
  duration_ms: 1.875167
  type: 'test'
  ...
# Subtest: SDK rejects a non-stable principal before Mock access
ok 416 - SDK rejects a non-stable principal before Mock access
  ---
  duration_ms: 0.753
  type: 'test'
  ...
# Subtest: SDK rejects SSRF-shaped parameters before Mock access
ok 417 - SDK rejects SSRF-shaped parameters before Mock access
  ---
  duration_ms: 0.631333
  type: 'test'
  ...
# Subtest: SDK rejects capability replay without a second Mock access
ok 418 - SDK rejects capability replay without a second Mock access
  ---
  duration_ms: 0.747083
  type: 'test'
  ...
# Subtest: SDK fails closed when the Adapter exceeds its timeout
ok 419 - SDK fails closed when the Adapter exceeds its timeout
  ---
  duration_ms: 5.503458
  type: 'test'
  ...
# Subtest: SDK never passes or exposes the C16 capability to an Adapter
ok 420 - SDK never passes or exposes the C16 capability to an Adapter
  ---
  duration_ms: 0.892958
  type: 'test'
  ...
# Subtest: SDK rejects an Adapter result with undeclared fields
ok 421 - SDK rejects an Adapter result with undeclared fields
  ---
  duration_ms: 1.098375
  type: 'test'
  ...
# Subtest: SDK rejects a valid-shaped result for a different lookup
ok 422 - SDK rejects a valid-shaped result for a different lookup
  ---
  duration_ms: 0.916542
  type: 'test'
  ...
# Subtest: SDK and C16 cover all three Templates for all three Synthetic Tenants
ok 423 - SDK and C16 cover all three Templates for all three Synthetic Tenants
  ---
  duration_ms: 2.06525
  type: 'test'
  ...
# Subtest: C17 remains compatible with the frozen F03, F04, and C16 seams
ok 424 - C17 remains compatible with the frozen F03, F04, and C16 seams
  ---
  duration_ms: 0.654875
  type: 'test'
  ...
# Subtest: C17 dependency closure pins both F03 evidence and the exact Envelope bytes
ok 425 - C17 dependency closure pins both F03 evidence and the exact Envelope bytes
  ---
  duration_ms: 2.20425
  type: 'test'
  ...
# Subtest: Mock Lab isolates nine deterministic records across three tenants
ok 426 - Mock Lab isolates nine deterministic records across three tenants
  ---
  duration_ms: 4.160958
  type: 'test'
  ...
# Subtest: Mock Lab rejects a schema-valid local Fixture replacement
ok 427 - Mock Lab rejects a schema-valid local Fixture replacement
  ---
  duration_ms: 0.54225
  type: 'test'
  ...
# Subtest: Mock Lab rejects executable clock injection without invoking it
ok 428 - Mock Lab rejects executable clock injection without invoking it
  ---
  duration_ms: 0.072709
  type: 'test'
  ...
# Subtest: Mock Lab inertly rejects configuration accessors and Proxies
ok 429 - Mock Lab inertly rejects configuration accessors and Proxies
  ---
  duration_ms: 0.086875
  type: 'test'
  ...
# Subtest: Mock Lab inertly rejects nested parameter accessors and Proxies
ok 430 - Mock Lab inertly rejects nested parameter accessors and Proxies
  ---
  duration_ms: 1.768125
  type: 'test'
  ...
# Subtest: Mock Lab rejects a 20000-level Fixture as configuration, not a native error
ok 431 - Mock Lab rejects a 20000-level Fixture as configuration, not a native error
  ---
  duration_ms: 3.051625
  type: 'test'
  ...
# Subtest: Mock Lab never resolves another Tenant's lookup
ok 432 - Mock Lab never resolves another Tenant's lookup
  ---
  duration_ms: 0.840541
  type: 'test'
  ...
# Subtest: Mock Lab normalizes an accepted offset clock before returning provenance
ok 433 - Mock Lab normalizes an accepted offset clock before returning provenance
  ---
  duration_ms: 0.888417
  type: 'test'
  ...
# Subtest: enterprise marker probes cover Chinese and capitalization variants
ok 434 - enterprise marker probes cover Chinese and capitalization variants
  ---
  duration_ms: 0.671292
  type: 'test'
  ...
# Subtest: C17 source and fixtures contain no live network or enterprise material
ok 435 - C17 source and fixtures contain no live network or enterprise material
  ---
  duration_ms: 4.991084
  type: 'test'
  ...
# Subtest: C17 verification evidence is source-bound and Synthetic-only
ok 436 - C17 verification evidence is source-bound and Synthetic-only
  ---
  duration_ms: 265.313042
  type: 'test'
  ...
# Subtest: C18 OpenAPI freezes Synthetic-only append, reader and Outbox boundaries
ok 437 - C18 OpenAPI freezes Synthetic-only append, reader and Outbox boundaries
  ---
  duration_ms: 3.591541
  type: 'test'
  ...
# Subtest: C18 CloudEvent remains a strict specialization of the F03 envelope
ok 438 - C18 CloudEvent remains a strict specialization of the F03 envelope
  ---
  duration_ms: 1.554708
  type: 'test'
  ...
# Subtest: C18 PROV Profile requires every evidence class and standard relation
ok 439 - C18 PROV Profile requires every evidence class and standard relation
  ---
  duration_ms: 1.347042
  type: 'test'
  ...
# Subtest: C18 retention separates immutable evidence from purgeable delivery state
ok 440 - C18 retention separates immutable evidence from purgeable delivery state
  ---
  duration_ms: 0.796458
  type: 'test'
  ...
# Subtest: C18 SQL fixes FORCE RLS, append-only guards and separated grants
ok 441 - C18 SQL fixes FORCE RLS, append-only guards and separated grants
  ---
  duration_ms: 3.805625
  type: 'test'
  ...
# Subtest: C18 frozen registry resolves all catalog evidence by exact digest
ok 442 - C18 frozen registry resolves all catalog evidence by exact digest
  ---
  duration_ms: 1.4965
  type: 'test'
  ...
# Subtest: C18 verification matrix covers every required failure and recovery class
ok 443 - C18 verification matrix covers every required failure and recovery class
  ---
  duration_ms: 1.090333
  type: 'test'
  ...
# Subtest: RFC 8785 canonicalization is deterministic and rejects invalid JSON
ok 444 - RFC 8785 canonicalization is deterministic and rejects invalid JSON
  ---
  duration_ms: 0.882209
  type: 'test'
  ...
# Subtest: catalog freezes exactly three Tenant-specific evidence bundles
ok 445 - catalog freezes exactly three Tenant-specific evidence bundles
  ---
  duration_ms: 0.436292
  type: 'test'
  ...
# Subtest: catalog evidence resolves to frozen Tenant/type/version/digest artifacts
ok 446 - catalog evidence resolves to frozen Tenant/type/version/digest artifacts
  ---
  duration_ms: 0.721167
  type: 'test'
  ...
# Subtest: append links all required evidence through the constrained PROV graph
ok 447 - append links all required evidence through the constrained PROV graph
  ---
  duration_ms: 4.996708
  type: 'test'
  ...
# Subtest: request and stored metadata reject body, Prompt, Tool arguments, bytes and secrets
ok 448 - request and stored metadata reject body, Prompt, Tool arguments, bytes and secrets
  ---
  duration_ms: 0.416833
  type: 'test'
  ...
# Subtest: identity change and inactive Tenant fail before persistence
ok 449 - identity change and inactive Tenant fail before persistence
  ---
  duration_ms: 1.233083
  type: 'test'
  ...
# Subtest: security-relevant Delegation changes fail the final C05 identity check
ok 450 - security-relevant Delegation changes fail the final C05 identity check
  ---
  duration_ms: 0.278292
  type: 'test'
  ...
# Subtest: idempotency returns the original event and rejects key reuse
ok 451 - idempotency returns the original event and rejects key reuse
  ---
  duration_ms: 2.737334
  type: 'test'
  ...
# Subtest: concurrent appends form one continuous per-Tenant chain
ok 452 - concurrent appends form one continuous per-Tenant chain
  ---
  duration_ms: 33.596208
  type: 'test'
  ...
# Subtest: three Synthetic Tenants remain isolated even with matching local ranges
ok 453 - three Synthetic Tenants remain isolated even with matching local ranges
  ---
  duration_ms: 3.536
  type: 'test'
  ...
# Subtest: crashed lease and lost ACK retry the same immutable CloudEvent ID
ok 454 - crashed lease and lost ACK retry the same immutable CloudEvent ID
  ---
  duration_ms: 1.482709
  type: 'test'
  ...
# Subtest: tampering is detected and export restores into a new verifiable store
ok 455 - tampering is detected and export restores into a new verifiable store
  ---
  duration_ms: 8.25125
  type: 'test'
  ...
# Subtest: createdAt and the closed provenance payload are part of recovery integrity
ok 456 - createdAt and the closed provenance payload are part of recovery integrity
  ---
  duration_ms: 1.265959
  type: 'test'
  ...
# Subtest: retention query is bounded by Tenant, sequence and occurrence time
ok 457 - retention query is bounded by Tenant, sequence and occurrence time
  ---
  duration_ms: 1.525083
  type: 'test'
  ...
# Subtest: C19-AC08 supplemental evidence resolves to exact Git-frozen billing artifacts
ok 458 - C19-AC08 supplemental evidence resolves to exact Git-frozen billing artifacts
  ---
  duration_ms: 119.966792
  type: 'test'
  ...
# Subtest: C19-AC09 supplemental evidence resolves to exact Git-frozen boundary artifacts
ok 459 - C19-AC09 supplemental evidence resolves to exact Git-frozen boundary artifacts
  ---
  duration_ms: 117.972458
  type: 'test'
  ...
# Subtest: independent Provider and infrastructure bills reconcile every settled meter within threshold
ok 460 - independent Provider and infrastructure bills reconcile every settled meter within threshold
  ---
  duration_ms: 8.783375
  type: 'test'
  ...
# Subtest: unmatched, dimension-drifted and out-of-threshold bills fail closed
    # Subtest: unmatched external meter
    ok 1 - unmatched external meter
      ---
      duration_ms: 0.399625
      type: 'test'
      ...
    # Subtest: missing external line
    ok 2 - missing external line
      ---
      duration_ms: 0.152167
      type: 'test'
      ...
    # Subtest: dimension drift
    ok 3 - dimension drift
      ---
      duration_ms: 0.165
      type: 'test'
      ...
    # Subtest: supplier amount exceeds zero tolerance
    ok 4 - supplier amount exceeds zero tolerance
      ---
      duration_ms: 0.14075
      type: 'test'
      ...
    # Subtest: booked variance exceeds frozen threshold
    ok 5 - booked variance exceeds frozen threshold
      ---
      duration_ms: 0.151833
      type: 'test'
      ...
    # Subtest: booked variance ratio exceeds frozen threshold
    ok 6 - booked variance ratio exceeds frozen threshold
      ---
      duration_ms: 0.1265
      type: 'test'
      ...
    # Subtest: caller cannot raise a frozen threshold
    ok 7 - caller cannot raise a frozen threshold
      ---
      duration_ms: 0.101833
      type: 'test'
      ...
    # Subtest: bill class and source disagree
    ok 8 - bill class and source disagree
      ---
      duration_ms: 0.147916
      type: 'test'
      ...
    # Subtest: billing period drift
    ok 9 - billing period drift
      ---
      duration_ms: 0.140625
      type: 'test'
      ...
    # Subtest: arbitrary metadata
    ok 10 - arbitrary metadata
      ---
      duration_ms: 0.093458
      type: 'test'
      ...
    1..10
ok 461 - unmatched, dimension-drifted and out-of-threshold bills fail closed
  ---
  duration_ms: 3.160583
  type: 'test'
  ...
# Subtest: fact boundary assigns excluded truth to D1, ERP/Finance and governed BI
ok 462 - fact boundary assigns excluded truth to D1, ERP/Finance and governed BI
  ---
  duration_ms: 0.78375
  type: 'test'
  ...
# Subtest: closed JSON Schema rejects authoritative facts and arbitrary extensions
ok 463 - closed JSON Schema rejects authoritative facts and arbitrary extensions
  ---
  duration_ms: 1.7665
  type: 'test'
  ...
# Subtest: public write APIs reject authoritative facts before any C19 record is stored
ok 464 - public write APIs reject authoritative facts before any C19 record is stored
  ---
  duration_ms: 1.21125
  type: 'test'
  ...
# Subtest: PostgreSQL schema has no project, invoice, BI metric or extension-body columns
ok 465 - PostgreSQL schema has no project, invoice, BI metric or extension-body columns
  ---
  duration_ms: 0.285417
  type: 'test'
  ...
# Subtest: OTel emission contract fixes low-cardinality labels and prohibits sensitive bodies
ok 466 - OTel emission contract fixes low-cardinality labels and prohibits sensitive bodies
  ---
  duration_ms: 0.805917
  type: 'test'
  ...
# Subtest: frozen trace evidence preserves one W3C trace and a strict parent chain
ok 467 - frozen trace evidence preserves one W3C trace and a strict parent chain
  ---
  duration_ms: 0.631584
  type: 'test'
  ...
# Subtest: cost evidence reconciles Tenant, task, model, Tool and sandbox
ok 468 - cost evidence reconciles Tenant, task, model, Tool and sandbox
  ---
  duration_ms: 0.095917
  type: 'test'
  ...
# Subtest: synthetic service fixtures contain canonical evidence digests, not placeholder hashes
ok 469 - synthetic service fixtures contain canonical evidence digests, not placeholder hashes
  ---
  duration_ms: 0.132458
  type: 'test'
  ...
# Subtest: SLO, Prometheus and Grafana artifacts remain drafts with low-cardinality queries
ok 470 - SLO, Prometheus and Grafana artifacts remain drafts with low-cardinality queries
  ---
  duration_ms: 0.153625
  type: 'test'
  ...
# Subtest: P1 implementation is closed while production deployment remains unverified
ok 471 - P1 implementation is closed while production deployment remains unverified
  ---
  duration_ms: 0.077417
  type: 'test'
  ...
# Subtest: C19 PostgreSQL migrations force RLS and separate exact runtime roles
ok 472 - C19 PostgreSQL migrations force RLS and separate exact runtime roles
  ---
  duration_ms: 0.756417
  type: 'test'
  ...
# Subtest: C19 PostgreSQL store rejects shared privilege pools
ok 473 - C19 PostgreSQL store rejects shared privilege pools
  ---
  duration_ms: 0.310417
  type: 'test'
  ...
# Subtest: strict W3C Trace Context propagates one trace across a child span
ok 474 - strict W3C Trace Context propagates one trace across a child span
  ---
  duration_ms: 1.231333
  type: 'test'
  ...
# Subtest: Trace Context rejects malformed, ambiguous and forbidden values
ok 475 - Trace Context rejects malformed, ambiguous and forbidden values
  ---
  duration_ms: 0.373625
  type: 'test'
  ...
# Subtest: metadata-only telemetry correlates C14, C16, C18 and C19 without high-cardinality labels
ok 476 - metadata-only telemetry correlates C14, C16, C18 and C19 without high-cardinality labels
  ---
  duration_ms: 1.394875
  type: 'test'
  ...
# Subtest: telemetry rejects request bodies and arbitrary metadata
ok 477 - telemetry rejects request bodies and arbitrary metadata
  ---
  duration_ms: 0.218375
  type: 'test'
  ...
# Subtest: quota reservation, deduplicated settlement and cost variance reconcile all required dimensions
ok 478 - quota reservation, deduplicated settlement and cost variance reconcile all required dimensions
  ---
  duration_ms: 8.579917
  type: 'test'
  ...
# Subtest: quota release is idempotent and reconciles Tenant and Principal reservations
ok 479 - quota release is idempotent and reconciles Tenant and Principal reservations
  ---
  duration_ms: 1.016
  type: 'test'
  ...
# Subtest: concurrent reservations cannot oversell quota and idempotency conflicts fail closed
ok 480 - concurrent reservations cannot oversell quota and idempotency conflicts fail closed
  ---
  duration_ms: 0.513416
  type: 'test'
  ...
# Subtest: catalog is frozen to exactly three Synthetic Tenants and rejects duplicate metering evidence
ok 481 - catalog is frozen to exactly three Synthetic Tenants and rejects duplicate metering evidence
  ---
  duration_ms: 0.4275
  type: 'test'
  ...
# Subtest: caller cannot inject a Principal outside the C05 identity seam
ok 482 - caller cannot inject a Principal outside the C05 identity seam
  ---
  duration_ms: 0.159375
  type: 'test'
  ...
# Subtest: catalog substitution fails even when the changed document remains structurally valid
ok 483 - catalog substitution fails even when the changed document remains structurally valid
  ---
  duration_ms: 0.335458
  type: 'test'
  ...
# Subtest: real C14, C16 and C18 outputs drive one traced C19 settlement
ok 484 - real C14, C16 and C18 outputs drive one traced C19 settlement
  ---
  duration_ms: 72.229583
  type: 'test'
  ...
# Subtest: artifact drift fails before upstream or C19 effects
ok 485 - artifact drift fails before upstream or C19 effects
  ---
  duration_ms: 6.204458
  type: 'test'
  ...
# Subtest: the frozen one-run fixture rejects another idempotency prefix before effects
ok 486 - the frozen one-run fixture rejects another idempotency prefix before effects
  ---
  duration_ms: 19.297959
  type: 'test'
  ...
# Subtest: a rejected second reservation releases the first before upstream effects
ok 487 - a rejected second reservation releases the first before upstream effects
  ---
  duration_ms: 26.713958
  type: 'test'
  ...
# Subtest: tampered C14, C16 or C18 output cannot reach C19 settlement
    # Subtest: C14 cost
    ok 1 - C14 cost
      ---
      duration_ms: 20.145625
      type: 'test'
      ...
    # Subtest: C16 receipt
    ok 2 - C16 receipt
      ---
      duration_ms: 28.405667
      type: 'test'
      ...
    # Subtest: C18 event
    ok 3 - C18 event
      ---
      duration_ms: 41.613291
      type: 'test'
      ...
    1..3
ok 488 - tampered C14, C16 or C18 output cannot reach C19 settlement
  ---
  duration_ms: 90.6765
  type: 'test'
  ...
# Subtest: C19 v3 evidence binds cross-process quota and ledger attribution
ok 489 - C19 v3 evidence binds cross-process quota and ledger attribution
  ---
  duration_ms: 531.338792
  type: 'test'
  ...
# Subtest: F01 v2 freezes every case byte receipt and three stable process receipts
ok 490 - F01 v2 freezes every case byte receipt and three stable process receipts
  ---
  duration_ms: 54.790708
  type: 'test'
  ...
# Subtest: F01 freezes one canonical UTF-8 byte sequence for equivalent JSON
ok 491 - F01 freezes one canonical UTF-8 byte sequence for equivalent JSON
  ---
  duration_ms: 3.75425
  type: 'test'
  ...
# Subtest: F01 reconciles the same canonical bytes and SHA-256 in three processes
ok 492 - F01 reconciles the same canonical bytes and SHA-256 in three processes
  ---
  duration_ms: 108.74225
  type: 'test'
  ...
# Subtest: F01 supplemental evidence resolves to exact frozen Git objects
ok 493 - F01 supplemental evidence resolves to exact frozen Git objects
  ---
  duration_ms: 88.678625
  type: 'test'
  ...
# Subtest: F02 generates exactly three deterministic synthetic tenants
ok 494 - F02 generates exactly three deterministic synthetic tenants
  ---
  duration_ms: 3.960292
  type: 'test'
  ...
# Subtest: every fixture record is watermarked, uses .example identities, and has valid relations
ok 495 - every fixture record is watermarked, uses .example identities, and has valid relations
  ---
  duration_ms: 0.405584
  type: 'test'
  ...
# Subtest: generated fixtures pass the protected-surface rules and publish an exact inventory
ok 496 - generated fixtures pass the protected-surface rules and publish an exact inventory
  ---
  duration_ms: 3.715416
  type: 'test'
  ...
# Subtest: credential, missing-watermark, and forbidden-identifier controls all fail closed
ok 497 - credential, missing-watermark, and forbidden-identifier controls all fail closed
  ---
  duration_ms: 8.427292
  type: 'test'
  ...
# Subtest: public context is valid only in its independent registry and is blocked from a package
ok 498 - public context is valid only in its independent registry and is blocked from a package
  ---
  duration_ms: 6.544292
  type: 'test'
  ...
# Subtest: committed reports show a passing protected scan and registry containment check
ok 499 - committed reports show a passing protected scan and registry containment check
  ---
  duration_ms: 2.028042
  type: 'test'
  ...
# Subtest: the generator has no environment-secret input path
ok 500 - the generator has no environment-secret input path
  ---
  duration_ms: 0.636417
  type: 'test'
  ...
# Subtest: P0-B04 evidence binds exact local gate artifacts while leaving hosted CI pending
ok 501 - P0-B04 evidence binds exact local gate artifacts while leaving hosted CI pending
  ---
  duration_ms: 114.819708
  type: 'test'
  ...
# Subtest: all seven registered protected surfaces pass with explicit Synthetic markers
ok 502 - all seven registered protected surfaces pass with explicit Synthetic markers
  ---
  duration_ms: 17.984125
  type: 'test'
  ...
# Subtest: the repository inventory freezes the exact seven-surface denominator
ok 503 - the repository inventory freezes the exact seven-surface denominator
  ---
  duration_ms: 1.033334
  type: 'test'
  ...
# Subtest: surface deletion, stage drift, and content-rule deletion fail configuration closed
ok 504 - surface deletion, stage drift, and content-rule deletion fail configuration closed
  ---
  duration_ms: 7.904875
  type: 'test'
  ...
# Subtest: every data-bearing surface fails closed when its Synthetic marker is removed
ok 505 - every data-bearing surface fails closed when its Synthetic marker is removed
  ---
  duration_ms: 45.743625
  type: 'test'
  ...
# Subtest: enterprise identifier, Token, private key, and connection-string canaries block every surface
ok 506 - enterprise identifier, Token, private key, and connection-string canaries block every surface
  ---
  duration_ms: 375.267708
  type: 'test'
  ...
# Subtest: the formal build and hosted-CI definition invoke the protected-surface gate
ok 507 - the formal build and hosted-CI definition invoke the protected-surface gate
  ---
  duration_ms: 1.335459
  type: 'test'
  ...
# Subtest: the hosted-CI workflow pins its trust boundary and never executes PR code with elevated context
ok 508 - the hosted-CI workflow pins its trust boundary and never executes PR code with elevated context
  ---
  duration_ms: 0.631208
  type: 'test'
  ...
# Subtest: independent F03 Consumer and Provider interoperate only through frozen contracts
ok 509 - independent F03 Consumer and Provider interoperate only through frozen contracts
  ---
  duration_ms: 34.850625
  type: 'test'
  ...
# Subtest: F03 Consumer and Provider do not import Product Core implementations
ok 510 - F03 Consumer and Provider do not import Product Core implementations
  ---
  duration_ms: 1.391709
  type: 'test'
  ...
# Subtest: F03 freezes six minimal OpenAPI 3.1.2 module contracts
ok 511 - F03 freezes six minimal OpenAPI 3.1.2 module contracts
  ---
  duration_ms: 9.571084
  type: 'test'
  ...
# Subtest: canonical TaskEnvelope, Problem Details and CloudEvent samples validate
ok 512 - canonical TaskEnvelope, Problem Details and CloudEvent samples validate
  ---
  duration_ms: 17.993833
  type: 'test'
  ...
# Subtest: fixed Ajv JSON Schema 2020-12 validates positives and every used keyword negative
ok 513 - fixed Ajv JSON Schema 2020-12 validates positives and every used keyword negative
  ---
  duration_ms: 49.113
  type: 'test'
  ...
# Subtest: negative fixtures fail without accepting leaked stacks or secrets
ok 514 - negative fixtures fail without accepting leaked stacks or secrets
  ---
  duration_ms: 16.120041
  type: 'test'
  ...
# Subtest: mock responses are pure and never claim authorization or enterprise access
ok 515 - mock responses are pure and never claim authorization or enterprise access
  ---
  duration_ms: 0.246333
  type: 'test'
  ...
# Subtest: breaking-change check blocks removals and new required fields
ok 516 - breaking-change check blocks removals and new required fields
  ---
  duration_ms: 0.793458
  type: 'test'
  ...
# Subtest: breaking-change matrix detects every frozen mutation category
ok 517 - breaking-change matrix detects every frozen mutation category
  ---
  duration_ms: 3.034791
  type: 'test'
  ...
# Subtest: frozen v1 contracts keep their exact SHA-256
ok 518 - frozen v1 contracts keep their exact SHA-256
  ---
  duration_ms: 3.249959
  type: 'test'
  ...
# Subtest: breaking CLI exits non-zero for a breaking candidate and zero for an identical contract
ok 519 - breaking CLI exits non-zero for a breaking candidate and zero for an identical contract
  ---
  duration_ms: 167.409458
  type: 'test'
  ...
# Subtest: deprecation lifecycle validates replacement, dates, semantic version, and 90-day notice
ok 520 - deprecation lifecycle validates replacement, dates, semantic version, and 90-day notice
  ---
  duration_ms: 9.955542
  type: 'test'
  ...
# Subtest: compatibility and deprecation matrices cover every frozen contract
ok 521 - compatibility and deprecation matrices cover every frozen contract
  ---
  duration_ms: 9.639542
  type: 'test'
  ...
# Subtest: F03 hosted compatibility gate uses a read-only pinned pull-request boundary
ok 522 - F03 hosted compatibility gate uses a read-only pinned pull-request boundary
  ---
  duration_ms: 0.580333
  type: 'test'
  ...
# Subtest: F03 hosted gate compares every frozen contract against the exact PR base
ok 523 - F03 hosted gate compares every frozen contract against the exact PR base
  ---
  duration_ms: 0.156959
  type: 'test'
  ...
# Subtest: F03 hosted gate runs the frozen eight-category mutation and consumer-provider tests
ok 524 - F03 hosted gate runs the frozen eight-category mutation and consumer-provider tests
  ---
  duration_ms: 0.080917
  type: 'test'
  ...
# Subtest: F03 reference research is source-bounded and has no governance effect
ok 525 - F03 reference research is source-bounded and has no governance effect
  ---
  duration_ms: 0.439208
  type: 'test'
  ...
# Subtest: F03 decision ADR fixes adopted references and exact implementation pins
ok 526 - F03 decision ADR fixes adopted references and exact implementation pins
  ---
  duration_ms: 0.207
  type: 'test'
  ...
# Subtest: F03 decision ADR records deferred and inapplicable candidates without production claims
ok 527 - F03 decision ADR records deferred and inapplicable candidates without production claims
  ---
  duration_ms: 0.184458
  type: 'test'
  ...
# Subtest: F03 supplemental evidence binds exact source and preserves the hosted-CI limitation
ok 528 - F03 supplemental evidence binds exact source and preserves the hosted-CI limitation
  ---
  duration_ms: 204.491166
  type: 'test'
  ...
# Subtest: F04-AC01 crosswalk evidence resolves to exact Git-frozen architecture objects
ok 529 - F04-AC01 crosswalk evidence resolves to exact Git-frozen architecture objects
  ---
  duration_ms: 103.670917
  type: 'test'
  ...
# Subtest: F04 architecture-to-case crosswalk is closed with zero unmapped records
ok 530 - F04 architecture-to-case crosswalk is closed with zero unmapped records
  ---
  duration_ms: 3.558291
  type: 'test'
  ...
# Subtest: F04 validator fails closed when one required mapping is deleted
ok 531 - F04 validator fails closed when one required mapping is deleted
  ---
  duration_ms: 1.273417
  type: 'test'
  ...
# Subtest: F04 crosswalk must reference the registered architecture inventory
ok 532 - F04 crosswalk must reference the registered architecture inventory
  ---
  duration_ms: 1.69875
  type: 'test'
  ...
# Subtest: the F04 binding decision receipt validates and binds the frozen candidate bytes
ok 533 - the F04 binding decision receipt validates and binds the frozen candidate bytes
  ---
  duration_ms: 84.727542
  type: 'test'
  ...
# Subtest: approval preserves the no-run, no-generalization, and future exact-digest boundaries
ok 534 - approval preserves the no-run, no-generalization, and future exact-digest boundaries
  ---
  duration_ms: 0.472167
  type: 'test'
  ...
# Subtest: human adjudication cannot be replaced by an automatic judge or zero-tolerance override
ok 535 - human adjudication cannot be replaced by an automatic judge or zero-tolerance override
  ---
  duration_ms: 0.08775
  type: 'test'
  ...
# Subtest: the receipt is evidence-only and does not close P0-B11 or create governance state
ok 536 - the receipt is evidence-only and does not close P0-B11 or create governance state
  ---
  duration_ms: 0.049833
  type: 'test'
  ...
# Subtest: unknown fields, false run outcomes, widened governance claims, and forged approval text fail closed
ok 537 - unknown fields, false run outcomes, widened governance claims, and forged approval text fail closed
  ---
  duration_ms: 1.746833
  type: 'test'
  ...
# Subtest: candidate-byte, human-baseline, and receipt-hash tampering fail closed
ok 538 - candidate-byte, human-baseline, and receipt-hash tampering fail closed
  ---
  duration_ms: 178.038
  type: 'test'
  ...
# Subtest: the F04 evaluation binding candidate passes its closed schema and frozen-byte checks
ok 539 - the F04 evaluation binding candidate passes its closed schema and frozen-byte checks
  ---
  duration_ms: 100.53575
  type: 'test'
  ...
# Subtest: the candidate is non-authorizing and defines no evaluation run
ok 540 - the candidate is non-authorizing and defines no evaluation run
  ---
  duration_ms: 0.149417
  type: 'test'
  ...
# Subtest: the ten cases are a purposive synthetic scenario manifest, not a statistical dataset
ok 541 - the ten cases are a purposive synthetic scenario manifest, not a statistical dataset
  ---
  duration_ms: 14.538833
  type: 'test'
  ...
# Subtest: metric thresholds and aggregation are bound to the frozen release-gate config
ok 542 - metric thresholds and aggregation are bound to the frozen release-gate config
  ---
  duration_ms: 16.104708
  type: 'test'
  ...
# Subtest: all seven zero-tolerance rules remain blocking and non-overridable
ok 543 - all seven zero-tolerance rules remain blocking and non-overridable
  ---
  duration_ms: 14.343
  type: 'test'
  ...
# Subtest: model, prompt, skill, and knowledge are only inapplicable to this no-run baseline definition
ok 544 - model, prompt, skill, and knowledge are only inapplicable to this no-run baseline definition
  ---
  duration_ms: 0.285042
  type: 'test'
  ...
# Subtest: the online projection bytes bind the authority and current G0 chain without inventing a persisted role
ok 545 - the online projection bytes bind the authority and current G0 chain without inventing a persisted role
  ---
  duration_ms: 0.128542
  type: 'test'
  ...
# Subtest: structured adjudication remains pending human confirmation
ok 546 - structured adjudication remains pending human confirmation
  ---
  duration_ms: 0.04875
  type: 'test'
  ...
# Subtest: unknown fields and a false completed-adjudication claim are rejected
ok 547 - unknown fields and a false completed-adjudication claim are rejected
  ---
  duration_ms: 0.37875
  type: 'test'
  ...
# Subtest: tampered reference bytes or a stale self-hash fail closed
ok 548 - tampered reference bytes or a stale self-hash fail closed
  ---
  duration_ms: 114.460834
  type: 'test'
  ...
# Subtest: a rehashed projection with a mismatched G0 Submission and Decision fails closed
ok 549 - a rehashed projection with a mismatched G0 Submission and Decision fails closed
  ---
  duration_ms: 81.859542
  type: 'test'
  ...
# Subtest: the candidate does not alter any historical evidence or governance truth
ok 550 - the candidate does not alter any historical evidence or governance truth
  ---
  duration_ms: 0.136292
  type: 'test'
  ...
# Subtest: frozen suite covers every required F04 abuse category
ok 551 - frozen suite covers every required F04 abuse category
  ---
  duration_ms: 3.521667
  type: 'test'
  ...
# Subtest: passing frozen evidence returns PASS
ok 552 - passing frozen evidence returns PASS
  ---
  duration_ms: 2.661584
  type: 'test'
  ...
# Subtest: automatic judge cannot replace a validated human baseline
ok 553 - automatic judge cannot replace a validated human baseline
  ---
  duration_ms: 0.976708
  type: 'test'
  ...
# Subtest: one zero-tolerance failure blocks release even with a high average
ok 554 - one zero-tolerance failure blocks release even with a high average
  ---
  duration_ms: 0.949667
  type: 'test'
  ...
# Subtest: zero-tolerance severity fails closed even if configuration omits its rule
ok 555 - zero-tolerance severity fails closed even if configuration omits its rule
  ---
  duration_ms: 1.703208
  type: 'test'
  ...
# Subtest: a missing zero-tolerance case fails closed as BLOCKED
ok 556 - a missing zero-tolerance case fails closed as BLOCKED
  ---
  duration_ms: 1.094167
  type: 'test'
  ...
# Subtest: ordinary quality below a configured threshold returns FAIL
ok 557 - ordinary quality below a configured threshold returns FAIL
  ---
  duration_ms: 1.347792
  type: 'test'
  ...
# Subtest: checked-in PASS, FAIL and BLOCKED examples match the pure evaluator
ok 558 - checked-in PASS, FAIL and BLOCKED examples match the pure evaluator
  ---
  duration_ms: 0.846125
  type: 'test'
  ...
# Subtest: fixed inputs are repeatable and are not mutated
ok 559 - fixed inputs are repeatable and are not mutated
  ---
  duration_ms: 1.351166
  type: 'test'
  ...
# Subtest: C10 file quarantine survives a new Store instance
ok 560 - C10 file quarantine survives a new Store instance
  ---
  duration_ms: 19.423875
  type: 'test'
  ...
# Subtest: C10 file quarantine binds Tenant, reference and content hash
ok 561 - C10 file quarantine binds Tenant, reference and content hash
  ---
  duration_ms: 9.007708
  type: 'test'
  ...
# Subtest: C10 file quarantine put is concurrent and erase is durable
ok 562 - C10 file quarantine put is concurrent and erase is durable
  ---
  duration_ms: 12.246333
  type: 'test'
  ...
# Subtest: C10 file quarantine rejects unsafe roots and symlinked Tenant directories
ok 563 - C10 file quarantine rejects unsafe roots and symlinked Tenant directories
  ---
  duration_ms: 2.93425
  type: 'test'
  ...
# Subtest: file object Adapter keeps put, get and list inside one Tenant
ok 564 - file object Adapter keeps put, get and list inside one Tenant
  ---
  duration_ms: 29.272208
  type: 'test'
  ...
# Subtest: file object Adapter rejects traversal and unverified scopes
ok 565 - file object Adapter rejects traversal and unverified scopes
  ---
  duration_ms: 10.256125
  type: 'test'
  ...
# Subtest: file object Adapter binds an object key to its authorized resource
ok 566 - file object Adapter binds an object key to its authorized resource
  ---
  duration_ms: 15.806416
  type: 'test'
  ...
# Subtest: file object Adapter blocks suspended state and purges deletion
ok 567 - file object Adapter blocks suspended state and purges deletion
  ---
  duration_ms: 27.506625
  type: 'test'
  ...
# Subtest: file object Adapter freezes exact event replay and rejects gaps
ok 568 - file object Adapter freezes exact event replay and rejects gaps
  ---
  duration_ms: 35.371
  type: 'test'
  ...
# Subtest: file object Adapter serializes writes with deletion purge
ok 569 - file object Adapter serializes writes with deletion purge
  ---
  duration_ms: 15.936292
  type: 'test'
  ...
# Subtest: file object Adapters share a Tenant deletion lock across instances
ok 570 - file object Adapters share a Tenant deletion lock across instances
  ---
  duration_ms: 19.01075
  type: 'test'
  ...
# Subtest: file object Adapter read-only mode reads without writing
ok 571 - file object Adapter read-only mode reads without writing
  ---
  duration_ms: 20.454291
  type: 'test'
  ...
# Subtest: file object Adapter read-only initialization creates no directory
ok 572 - file object Adapter read-only initialization creates no directory
  ---
  duration_ms: 1.215458
  type: 'test'
  ...
# Subtest: file object Adapter rejects a symlink Tenant directory
ok 573 - file object Adapter rejects a symlink Tenant directory
  ---
  duration_ms: 6.465541
  type: 'test'
  ...
# Subtest: file object Adapter refuses broad storage roots
ok 574 - file object Adapter refuses broad storage roots
  ---
  duration_ms: 0.170792
  type: 'test'
  ...
# Subtest: the frozen evidence verifier accepts only an exact catalog record
ok 575 - the frozen evidence verifier accepts only an exact catalog record
  ---
  duration_ms: 0.517208
  type: 'test'
  ...
# Subtest: the P0 evidence index points to immutable Git objects for its parent package
ok 576 - the P0 evidence index points to immutable Git objects for its parent package
  ---
  duration_ms: 733.656125
  type: 'test'
  ...
# Subtest: the P1 module index resolves to exact runtime records backed by frozen Git objects
ok 577 - the P1 module index resolves to exact runtime records backed by frozen Git objects
  ---
  duration_ms: 652.558375
  type: 'test'
  ...
# Subtest: the P0-B03 verifier release is bound to its Git-frozen candidate
ok 578 - the P0-B03 verifier release is bound to its Git-frozen candidate
  ---
  duration_ms: 138.492083
  type: 'test'
  ...
# Subtest: GET previews the exact revision-69 G0 decision without executing or appending
ok 579 - GET previews the exact revision-69 G0 decision without executing or appending
  ---
  duration_ms: 19.871875
  type: 'test'
  ...
# Subtest: GET accepts the Git-frozen revision-64 dotted event ID
ok 580 - GET accepts the Git-frozen revision-64 dotted event ID
  ---
  duration_ms: 2.586583
  type: 'test'
  ...
# Subtest: POST appends exactly one GATE_DECIDED and immediately reads back the P2 entry effect
ok 581 - POST appends exactly one GATE_DECIDED and immediately reads back the P2 entry effect
  ---
  duration_ms: 5.902708
  type: 'test'
  ...
# Subtest: POST safely converges when the exact fixed idempotency key is replayed
ok 582 - POST safely converges when the exact fixed idempotency key is replayed
  ---
  duration_ms: 5.934917
  type: 'test'
  ...
# Subtest: same-key replay fails closed if the completed revision-69 Submission provenance no longer matches
ok 583 - same-key replay fails closed if the completed revision-69 Submission provenance no longer matches
  ---
  duration_ms: 5.120917
  type: 'test'
  ...
# Subtest: GET and POST fail closed for missing, unconfigured, and non-owner identities
ok 584 - GET and POST fail closed for missing, unconfigured, and non-owner identities
  ---
  duration_ms: 2.99225
  type: 'test'
  ...
# Subtest: successful preview and execution responses bind their exact returned UTF-8 bytes
ok 585 - successful preview and execution responses bind their exact returned UTF-8 bytes
  ---
  duration_ms: 4.333417
  type: 'test'
  ...
# Subtest: POST rejects every non-same-origin mutation before reading the body or touching D1
ok 586 - POST rejects every non-same-origin mutation before reading the body or touching D1
  ---
  duration_ms: 4.019833
  type: 'test'
  ...
# Subtest: POST accepts only the two exact UTF-8 JSON media types
ok 587 - POST accepts only the two exact UTF-8 JSON media types
  ---
  duration_ms: 11.685791
  type: 'test'
  ...
# Subtest: POST rejects malformed and oversized bodies before creating a runtime
ok 588 - POST rejects malformed and oversized bodies before creating a runtime
  ---
  duration_ms: 2.42225
  type: 'test'
  ...
# Subtest: POST closes its request fields and rejects every caller-controlled governance value before D1
ok 589 - POST closes its request fields and rejects every caller-controlled governance value before D1
  ---
  duration_ms: 3.507042
  type: 'test'
  ...
# Subtest: two truly overlapping POSTs with the fixed idempotency key converge on one decision
ok 590 - two truly overlapping POSTs with the fixed idempotency key converge on one decision
  ---
  duration_ms: 4.896458
  type: 'test'
  ...
# Subtest: a different-key POST fails closed while the fixed request is in flight
ok 591 - a different-key POST fails closed while the fixed request is in flight
  ---
  duration_ms: 3.043375
  type: 'test'
  ...
# Subtest: GET fails closed on revision gaps, duplicate event IDs, and a decision before its submission
ok 592 - GET fails closed on revision gaps, duplicate event IDs, and a decision before its submission
  ---
  duration_ms: 3.659125
  type: 'test'
  ...
# Subtest: GET fails closed instead of reflecting a sensitive Submission identifier
ok 593 - GET fails closed instead of reflecting a sensitive Submission identifier
  ---
  duration_ms: 1.291459
  type: 'test'
  ...
# Subtest: unfrozen P0 evidence blocks preview and POST before control.execute
ok 594 - unfrozen P0 evidence blocks preview and POST before control.execute
  ---
  duration_ms: 2.499625
  type: 'test'
  ...
# Subtest: an empty D1 projection does not inherit work-package or Gate state from the Manifest
ok 595 - an empty D1 projection does not inherit work-package or Gate state from the Manifest
  ---
  duration_ms: 0.872333
  type: 'test'
  ...
# Subtest: a decision already written under another idempotency key blocks before execute
ok 596 - a decision already written under another idempotency key blocks before execute
  ---
  duration_ms: 1.469666
  type: 'test'
  ...
# Subtest: G1 or P0 state drift blocks the fixed decision without executing it
ok 597 - G1 or P0 state drift blocks the fixed decision without executing it
  ---
  duration_ms: 2.343625
  type: 'test'
  ...
# Subtest: unexpected Profile or O02 authorization events block before the Gate decision write
ok 598 - unexpected Profile or O02 authorization events block before the Gate decision write
  ---
  duration_ms: 4.649125
  type: 'test'
  ...
# Subtest: D1 read failures return a bounded 503 and never attempt a write
ok 599 - D1 read failures return a bounded 503 and never attempt a write
  ---
  duration_ms: 0.849084
  type: 'test'
  ...
# Subtest: authorization dependency failures return a fixed bounded 503 without touching D1
ok 600 - authorization dependency failures return a fixed bounded 503 without touching D1
  ---
  duration_ms: 1.651
  type: 'test'
  ...
# Subtest: status-bearing and oversized dependency errors are never reflected
ok 601 - status-bearing and oversized dependency errors are never reflected
  ---
  duration_ms: 1.049667
  type: 'test'
  ...
# Subtest: POST rejects a successful-looking receipt when the immediate D1 readback did not persist it
ok 602 - POST rejects a successful-looking receipt when the immediate D1 readback did not persist it
  ---
  duration_ms: 1.87975
  type: 'test'
  ...
# Subtest: the fixed revision 69 submission provenance must match the completed remediation plan
ok 603 - the fixed revision 69 submission provenance must match the completed remediation plan
  ---
  duration_ms: 13.033708
  type: 'test'
  ...
# Subtest: POST rejects a receipt whose revision or event identity does not match the immediate D1 readback
ok 604 - POST rejects a receipt whose revision or event identity does not match the immediate D1 readback
  ---
  duration_ms: 9.083959
  type: 'test'
  ...
# Subtest: POST rejects an immediate readback with an extra or conflicting Decision
ok 605 - POST rejects an immediate readback with an extra or conflicting Decision
  ---
  duration_ms: 4.326833
  type: 'test'
  ...
# Subtest: POST rejects Decision execution metadata altered in the immediate D1 readback
ok 606 - POST rejects Decision execution metadata altered in the immediate D1 readback
  ---
  duration_ms: 10.523791
  type: 'test'
  ...
# Subtest: the dedicated composition root is GET/POST-only and does not expand progress actions
ok 607 - the dedicated composition root is GET/POST-only and does not expand progress actions
  ---
  duration_ms: 1.882625
  type: 'test'
  ...
# Subtest: G0 remediation requires an authenticated Product Owner
ok 608 - G0 remediation requires an authenticated Product Owner
  ---
  duration_ms: 14.643583
  type: 'test'
  ...
# Subtest: G0 remediation fails closed when the Product Owner is not configured
ok 609 - G0 remediation fails closed when the Product Owner is not configured
  ---
  duration_ms: 1.678792
  type: 'test'
  ...
# Subtest: G0 remediation rejects a non-Product Owner
ok 610 - G0 remediation rejects a non-Product Owner
  ---
  duration_ms: 0.879833
  type: 'test'
  ...
# Subtest: POST rejects every non-same-origin mutation before reading the body or governance state
    # Subtest: missing Origin
    ok 1 - missing Origin
      ---
      duration_ms: 1.618667
      type: 'test'
      ...
    # Subtest: invalid Origin
    ok 2 - invalid Origin
      ---
      duration_ms: 0.595958
      type: 'test'
      ...
    # Subtest: mismatched Origin
    ok 3 - mismatched Origin
      ---
      duration_ms: 0.427542
      type: 'test'
      ...
    # Subtest: non-exact Origin with a trailing slash
    ok 4 - non-exact Origin with a trailing slash
      ---
      duration_ms: 0.619542
      type: 'test'
      ...
    # Subtest: missing Sec-Fetch-Site
    ok 5 - missing Sec-Fetch-Site
      ---
      duration_ms: 0.82525
      type: 'test'
      ...
    # Subtest: cross-site
    ok 6 - cross-site
      ---
      duration_ms: 0.738125
      type: 'test'
      ...
    # Subtest: same-site
    ok 7 - same-site
      ---
      duration_ms: 0.852875
      type: 'test'
      ...
    # Subtest: none
    ok 8 - none
      ---
      duration_ms: 0.522166
      type: 'test'
      ...
    # Subtest: unknown fetch site
    ok 9 - unknown fetch site
      ---
      duration_ms: 0.920042
      type: 'test'
      ...
    # Subtest: case-variant fetch site
    ok 10 - case-variant fetch site
      ---
      duration_ms: 0.472708
      type: 'test'
      ...
    1..10
ok 611 - POST rejects every non-same-origin mutation before reading the body or governance state
  ---
  duration_ms: 8.711292
  type: 'test'
  ...
# Subtest: POST rejects every unsupported JSON media type before reading the body or governance state
    # Subtest: missing Content-Type
    ok 1 - missing Content-Type
      ---
      duration_ms: 0.83475
      type: 'test'
      ...
    # Subtest: JSONP
    ok 2 - JSONP
      ---
      duration_ms: 0.722667
      type: 'test'
      ...
    # Subtest: JSON Patch
    ok 3 - JSON Patch
      ---
      duration_ms: 0.301541
      type: 'test'
      ...
    # Subtest: plain text
    ok 4 - plain text
      ---
      duration_ms: 0.246166
      type: 'test'
      ...
    # Subtest: form
    ok 5 - form
      ---
      duration_ms: 0.485583
      type: 'test'
      ...
    # Subtest: multipart
    ok 6 - multipart
      ---
      duration_ms: 0.558125
      type: 'test'
      ...
    # Subtest: non-UTF-8 charset
    ok 7 - non-UTF-8 charset
      ---
      duration_ms: 0.567625
      type: 'test'
      ...
    # Subtest: duplicate charset
    ok 8 - duplicate charset
      ---
      duration_ms: 0.730042
      type: 'test'
      ...
    # Subtest: malformed charset
    ok 9 - malformed charset
      ---
      duration_ms: 0.486833
      type: 'test'
      ...
    # Subtest: empty charset
    ok 10 - empty charset
      ---
      duration_ms: 0.358584
      type: 'test'
      ...
    # Subtest: quoted charset
    ok 11 - quoted charset
      ---
      duration_ms: 0.360959
      type: 'test'
      ...
    # Subtest: trailing separator
    ok 12 - trailing separator
      ---
      duration_ms: 0.350458
      type: 'test'
      ...
    # Subtest: combined duplicate header value
    ok 13 - combined duplicate header value
      ---
      duration_ms: 1.33525
      type: 'test'
      ...
    # Subtest: unknown parameter
    ok 14 - unknown parameter
      ---
      duration_ms: 0.287042
      type: 'test'
      ...
    1..14
ok 612 - POST rejects every unsupported JSON media type before reading the body or governance state
  ---
  duration_ms: 8.539375
  type: 'test'
  ...
# Subtest: POST accepts exact JSON media types with HTTP case normalization
    # Subtest: application/json
    ok 1 - application/json
      ---
      duration_ms: 26.088292
      type: 'test'
      ...
    # Subtest: application/json; charset=utf-8
    ok 2 - application/json; charset=utf-8
      ---
      duration_ms: 19.831459
      type: 'test'
      ...
    # Subtest: Application/JSON; Charset=UTF-8
    ok 3 - Application/JSON; Charset=UTF-8
      ---
      duration_ms: 19.308958
      type: 'test'
      ...
    1..3
ok 613 - POST accepts exact JSON media types with HTTP case normalization
  ---
  duration_ms: 65.564958
  type: 'test'
  ...
# Subtest: GET rejects every query parameter before reading D1
ok 614 - GET rejects every query parameter before reading D1
  ---
  duration_ms: 0.937292
  type: 'test'
  ...
# Subtest: GET returns the fixed revision-64 remediation plan without writing D1
ok 615 - GET returns the fixed revision-64 remediation plan without writing D1
  ---
  duration_ms: 2.313625
  type: 'test'
  ...
# Subtest: GET fails closed when the frozen catalog binding is changed
ok 616 - GET fails closed when the frozen catalog binding is changed
  ---
  duration_ms: 0.964584
  type: 'test'
  ...
# Subtest: GET keeps planDigest deterministic across server time changes
ok 617 - GET keeps planDigest deterministic across server time changes
  ---
  duration_ms: 5.785042
  type: 'test'
  ...
# Subtest: GET fails closed unless F04 human authority is the exact revision-1 D1 record
ok 618 - GET fails closed unless F04 human authority is the exact revision-1 D1 record
  ---
  duration_ms: 9.574541
  type: 'test'
  ...
# Subtest: GET preserves the historical G0 base-scope error for a later duplicate F04 event
ok 619 - GET preserves the historical G0 base-scope error for a later duplicate F04 event
  ---
  duration_ms: 2.443375
  type: 'test'
  ...
# Subtest: GET preserves the historical G0 base-scope error for a later duplicate old G0 Submission
ok 620 - GET preserves the historical G0 base-scope error for a later duplicate old G0 Submission
  ---
  duration_ms: 2.683792
  type: 'test'
  ...
# Subtest: D1 failures return a bounded 503 without exposing storage details
ok 621 - D1 failures return a bounded 503 without exposing storage details
  ---
  duration_ms: 0.569333
  type: 'test'
  ...
# Subtest: POST rejects query parameters and unknown or caller-owned governance fields
ok 622 - POST rejects query parameters and unknown or caller-owned governance fields
  ---
  duration_ms: 10.574625
  type: 'test'
  ...
# Subtest: POST rejects revision, plan digest, scope, catalog, and package drift before the first write
ok 623 - POST rejects revision, plan digest, scope, catalog, and package drift before the first write
  ---
  duration_ms: 8.795708
  type: 'test'
  ...
# Subtest: POST fails closed before the first write without server-owned Reference Review prerequisites
ok 624 - POST fails closed before the first write without server-owned Reference Review prerequisites
  ---
  duration_ms: 5.202875
  type: 'test'
  ...
# Subtest: POST performs exactly four work-package records and one G0 submission with readback after every append
ok 625 - POST performs exactly four work-package records and one G0 submission with readback after every append
  ---
  duration_ms: 19.523708
  type: 'test'
  ...
# Subtest: POST cannot submit G0 before the projection becomes READY_TO_SUBMIT
ok 626 - POST cannot submit G0 before the projection becomes READY_TO_SUBMIT
  ---
  duration_ms: 16.798583
  type: 'test'
  ...
# Subtest: an interrupted execution safely resumes the exact completed prefix without rollback or duplicate events
ok 627 - an interrupted execution safely resumes the exact completed prefix without rollback or duplicate events
  ---
  duration_ms: 28.179
  type: 'test'
  ...
# Subtest: a changed idempotency key cannot claim or overwrite an existing remediation prefix
ok 628 - a changed idempotency key cannot claim or overwrite an existing remediation prefix
  ---
  duration_ms: 12.31675
  type: 'test'
  ...
# Subtest: two truly overlapping POSTs with the same idempotency key converge on one five-event plan
ok 629 - two truly overlapping POSTs with the same idempotency key converge on one five-event plan
  ---
  duration_ms: 21.156625
  type: 'test'
  ...
# Subtest: two truly overlapping POSTs with different idempotency keys allow only one five-event plan
ok 630 - two truly overlapping POSTs with different idempotency keys allow only one five-event plan
  ---
  duration_ms: 20.700125
  type: 'test'
  ...
# Subtest: a completed plan is no longer current after later P0 scope drift
ok 631 - a completed plan is no longer current after later P0 scope drift
  ---
  duration_ms: 19.596583
  type: 'test'
  ...
# Subtest: a later human G0 decision does not replay the completed remediation plan
ok 632 - a later human G0 decision does not replay the completed remediation plan
  ---
  duration_ms: 22.249958
  type: 'test'
  ...
# Subtest: the execution response is bounded and omits identity, credentials, evidence refs, and event bodies
ok 633 - the execution response is bounded and omits identity, credentials, evidence refs, and event bodies
  ---
  duration_ms: 17.132417
  type: 'test'
  ...
# Subtest: the frozen catalog verifier is bound to the exact approved parent commit and tree
ok 634 - the frozen catalog verifier is bound to the exact approved parent commit and tree
  ---
  duration_ms: 116.367125
  type: 'test'
  ...
# Subtest: the production bundle keeps the frozen G0 catalog and verifier server-only without runtime Git
ok 635 - the production bundle keeps the frozen G0 catalog and verifier server-only without runtime Git
  ---
  duration_ms: 17.230208
  type: 'test'
  ...
# Subtest: the new route is GET/POST-only and existing governance HTTP surfaces remain unchanged
ok 636 - the new route is GET/POST-only and existing governance HTTP surfaces remain unchanged
  ---
  duration_ms: 0.990792
  type: 'test'
  ...
# Subtest: G0 stale audit requires an authenticated Product Owner identity
ok 637 - G0 stale audit requires an authenticated Product Owner identity
  ---
  duration_ms: 15.438125
  type: 'test'
  ...
# Subtest: G0 stale audit fails closed when the Product Owner is not configured
ok 638 - G0 stale audit fails closed when the Product Owner is not configured
  ---
  duration_ms: 0.9805
  type: 'test'
  ...
# Subtest: G0 stale audit rejects a non-Product Owner identity
ok 639 - G0 stale audit rejects a non-Product Owner identity
  ---
  duration_ms: 0.728334
  type: 'test'
  ...
# Subtest: G0 stale audit rejects every caller-supplied query parameter
ok 640 - G0 stale audit rejects every caller-supplied query parameter
  ---
  duration_ms: 0.913292
  type: 'test'
  ...
# Subtest: an empty online ledger does not inherit P0 status from the Manifest
ok 641 - an empty online ledger does not inherit P0 status from the Manifest
  ---
  duration_ms: 4.194917
  type: 'test'
  ...
# Subtest: an exact approved G0 returns only the latest bounded event metadata
ok 642 - an exact approved G0 returns only the latest bounded event metadata
  ---
  duration_ms: 3.040834
  type: 'test'
  ...
# Subtest: a verified evidence revision makes an approved mismatched scope ready to resubmit
ok 643 - a verified evidence revision makes an approved mismatched scope ready to resubmit
  ---
  duration_ms: 2.295666
  type: 'test'
  ...
# Subtest: a mismatched scope with an unverified required package is STALE_SUBMISSION
ok 644 - a mismatched scope with an unverified required package is STALE_SUBMISSION
  ---
  duration_ms: 2.142
  type: 'test'
  ...
# Subtest: every response binds digest, SHA-256 and length to the exact UTF-8 body
    # Subtest: 200 audit
    ok 1 - 200 audit
      ---
      duration_ms: 2.569875
      type: 'test'
      ...
    # Subtest: 400 query rejected
    ok 2 - 400 query rejected
      ---
      duration_ms: 0.909167
      type: 'test'
      ...
    # Subtest: 401 unauthenticated
    ok 3 - 401 unauthenticated
      ---
      duration_ms: 0.837875
      type: 'test'
      ...
    # Subtest: 403 non-Product Owner
    ok 4 - 403 non-Product Owner
      ---
      duration_ms: 0.434
      type: 'test'
      ...
    # Subtest: 503 Product Owner not configured
    ok 5 - 503 Product Owner not configured
      ---
      duration_ms: 0.434041
      type: 'test'
      ...
    # Subtest: 503 D1 unavailable
    ok 6 - 503 D1 unavailable
      ---
      duration_ms: 0.608541
      type: 'test'
      ...
    1..6
ok 645 - every response binds digest, SHA-256 and length to the exact UTF-8 body
  ---
  duration_ms: 6.381625
  type: 'test'
  ...
# Subtest: the bounded response excludes actors, notes, credentials, other Gates and other work packages
ok 646 - the bounded response excludes actors, notes, credentials, other Gates and other work packages
  ---
  duration_ms: 1.983541
  type: 'test'
  ...
# Subtest: sensitive text in public identifier fields fails closed instead of being reflected
    # Subtest: work-package event ID contains an email
    ok 1 - work-package event ID contains an email
      ---
      duration_ms: 1.779667
      type: 'test'
      ...
    # Subtest: Submission ID contains a token marker
    ok 2 - Submission ID contains a token marker
      ---
      duration_ms: 1.304625
      type: 'test'
      ...
    # Subtest: Decision ID contains a credential marker
    ok 3 - Decision ID contains a credential marker
      ---
      duration_ms: 1.703375
      type: 'test'
      ...
    1..3
ok 647 - sensitive text in public identifier fields fails closed instead of being reflected
  ---
  duration_ms: 5.305667
  type: 'test'
  ...
# Subtest: revision gaps, duplicate event IDs and invalid Gate causality fail closed
    # Subtest: revision gap
    ok 1 - revision gap
      ---
      duration_ms: 1.154541
      type: 'test'
      ...
    # Subtest: duplicate event ID
    ok 2 - duplicate event ID
      ---
      duration_ms: 1.654167
      type: 'test'
      ...
    # Subtest: Decision before Submission
    ok 3 - Decision before Submission
      ---
      duration_ms: 1.476709
      type: 'test'
      ...
    # Subtest: wrong Submission source revision
    ok 4 - wrong Submission source revision
      ---
      duration_ms: 1.297833
      type: 'test'
      ...
    # Subtest: Decision package hash mismatch
    ok 5 - Decision package hash mismatch
      ---
      duration_ms: 1.270542
      type: 'test'
      ...
    # Subtest: incomplete Submission scope
    ok 6 - incomplete Submission scope
      ---
      duration_ms: 1.319417
      type: 'test'
      ...
    # Subtest: incomplete work-package event
    ok 7 - incomplete work-package event
      ---
      duration_ms: 1.552041
      type: 'test'
      ...
    1..7
ok 648 - revision gaps, duplicate event IDs and invalid Gate causality fail closed
  ---
  duration_ms: 10.460208
  type: 'test'
  ...
# Subtest: a valid replacement Submission reports supersession without reviving the old Decision
ok 649 - a valid replacement Submission reports supersession without reviving the old Decision
  ---
  duration_ms: 1.456292
  type: 'test'
  ...
# Subtest: the audit accepts valid ledger values without inventing narrower ID, date-time or evidence limits
ok 650 - the audit accepts valid ledger values without inventing narrower ID, date-time or evidence limits
  ---
  duration_ms: 1.81425
  type: 'test'
  ...
# Subtest: an otherwise valid ledger that cannot fit the fixed response budget fails closed with a bounded response
ok 651 - an otherwise valid ledger that cannot fit the fixed response budget fails closed with a bounded response
  ---
  duration_ms: 1.580667
  type: 'test'
  ...
# Subtest: the fixed progress-request window reports only correlatable governance revisions
ok 652 - the fixed progress-request window reports only correlatable governance revisions
  ---
  duration_ms: 1.469667
  type: 'test'
  ...
# Subtest: absence of a nearby event does not prove request-level write causality
ok 653 - absence of a nearby event does not prove request-level write causality
  ---
  duration_ms: 1.457208
  type: 'test'
  ...
# Subtest: the historical and current F04 evidence hashes appear as an exact field-level diff
ok 654 - the historical and current F04 evidence hashes appear as an exact field-level diff
  ---
  duration_ms: 1.050666
  type: 'test'
  ...
# Subtest: the production route is a GET-only D1 composition root with no write or seed path
ok 655 - the production route is a GET-only D1 composition root with no write or seed path
  ---
  duration_ms: 0.770041
  type: 'test'
  ...
# Subtest: an invalid server clock fails closed without leaking its value
ok 656 - an invalid server clock fails closed without leaking its value
  ---
  duration_ms: 1.925167
  type: 'test'
  ...
# Subtest: GET reads one captured ledger projection and never appends
ok 657 - GET reads one captured ledger projection and never appends
  ---
  duration_ms: 1.657292
  type: 'test'
  ...
# Subtest: all deployed roles execute real C16 C0 calls and replay without a new effect
ok 658 - all deployed roles execute real C16 C0 calls and replay without a new effect
  ---
  duration_ms: 162.074709
  type: 'test'
  ...
# Subtest: wrong session or changed outer decision fails before C16 storage and execution
ok 659 - wrong session or changed outer decision fails before C16 storage and execution
  ---
  duration_ms: 119.853292
  type: 'test'
  ...
# Subtest: G1 indexes exactly the frozen C01-C19 P1 module evidence
ok 660 - G1 indexes exactly the frozen C01-C19 P1 module evidence
  ---
  duration_ms: 287.380667
  type: 'test'
  ...
# Subtest: G1 keeps arbitrary code execution absent from the deployable P1 runtime
ok 661 - G1 keeps arbitrary code execution absent from the deployable P1 runtime
  ---
  duration_ms: 1350.735625
  type: 'test'
  ...
# Subtest: G1 freezes Skills as instructions and Connectors as disabled read-only mocks
ok 662 - G1 freezes Skills as instructions and Connectors as disabled read-only mocks
  ---
  duration_ms: 60.490333
  type: 'test'
  ...
# Subtest: rejects an unknown verification mode
ok 663 - rejects an unknown verification mode
  ---
  duration_ms: 100.444458
  type: 'test'
  ...
# Subtest: rejects tracked changes before emitting a start record
ok 664 - rejects tracked changes before emitting a start record
  ---
  duration_ms: 113.518583
  type: 'test'
  ...
# Subtest: fails closed when package-lock.json is unavailable
ok 665 - fails closed when package-lock.json is unavailable
  ---
  duration_ms: 191.97425
  type: 'test'
  ...
# Subtest: rejects a pre-existing dependency installation
ok 666 - rejects a pre-existing dependency installation
  ---
  duration_ms: 130.549375
  type: 'test'
  ...
# Subtest: rejects other untracked content at run start
ok 667 - rejects other untracked content at run start
  ---
  duration_ms: 147.253917
  type: 'test'
  ...
# Subtest: rejects ignored content at run start
ok 668 - rejects ignored content at run start
  ---
  duration_ms: 235.8285
  type: 'test'
  ...
# Subtest: binds a successful command to one fresh dependency install
ok 669 - binds a successful command to one fresh dependency install
  ---
  duration_ms: 1516.625708
  type: 'test'
  ...
# Subtest: does not emit completion when the verification command fails
ok 670 - does not emit completion when the verification command fails
  ---
  duration_ms: 1061.219
  type: 'test'
  ...
# Subtest: G1 isolation evidence binds the exhaustive zero-leak matrix to frozen real module anchors
ok 671 - G1 isolation evidence binds the exhaustive zero-leak matrix to frozen real module anchors
  ---
  duration_ms: 1004.662958
  type: 'test'
  ...
# Subtest: G1 unit diagnostic exhausts the synthetic case shape without claiming the persistent gate
ok 672 - G1 unit diagnostic exhausts the synthetic case shape without claiming the persistent gate
  ---
  duration_ms: 939.841791
  type: 'test'
  ...
# Subtest: frozen receipt binds seven clean fresh-install runs to one source candidate
ok 673 - frozen receipt binds seven clean fresh-install runs to one source candidate
  ---
  duration_ms: 51.762458
  type: 'test'
  ...
# Subtest: persistent runtime evidence binds two-process attribution replay
ok 674 - persistent runtime evidence binds two-process attribution replay
  ---
  duration_ms: 113.423334
  type: 'test'
  ...
# Subtest: persistent isolation evidence binds the orthogonal 288-case matrix
ok 675 - persistent isolation evidence binds the orthogonal 288-case matrix
  ---
  duration_ms: 177.861709
  type: 'test'
  ...
# Subtest: G1 package is complete, acyclic and still awaits Product Owner approval
ok 676 - G1 package is complete, acyclic and still awaits Product Owner approval
  ---
  duration_ms: 7.798958
  type: 'test'
  ...
# Subtest: orchestrates 288 cases but never promotes test doubles to gate evidence
ok 677 - orchestrates 288 cases but never promotes test doubles to gate evidence
  ---
  duration_ms: 158.067917
  type: 'test'
  ...
# Subtest: does not satisfy the gate when any Adapter omits persistent=true
ok 678 - does not satisfy the gate when any Adapter omits persistent=true
  ---
  duration_ms: 115.255666
  type: 'test'
  ...
# Subtest: maps all eight surfaces to their required backend operations
ok 679 - maps all eight surfaces to their required backend operations
  ---
  duration_ms: 179.611125
  type: 'test'
  ...
# Subtest: fails closed before every backend when the outer C06 decision is denied
ok 680 - fails closed before every backend when the outer C06 decision is denied
  ---
  duration_ms: 117.724333
  type: 'test'
  ...
# Subtest: projects exactly three F02 tenants and nine verified C04/C05 identities into C06
ok 681 - projects exactly three F02 tenants and nine verified C04/C05 identities into C06
  ---
  duration_ms: 175.486458
  type: 'test'
  ...
# Subtest: registers owner and required role tuples and allows the verified owner session
ok 682 - registers owner and required role tuples and allows the verified owner session
  ---
  duration_ms: 128.218875
  type: 'test'
  ...
# Subtest: orthogonally denies a wrong principal and a wrong role at C06
ok 683 - orthogonally denies a wrong principal and a wrong role at C06
  ---
  duration_ms: 115.871958
  type: 'test'
  ...
# Subtest: the request interface rejects claimedRole instead of treating it as authority
ok 684 - the request interface rejects claimedRole instead of treating it as authority
  ---
  duration_ms: 112.640833
  type: 'test'
  ...
# Subtest: G1 runtime evidence is source-bound and reproducible for all three Synthetic Tenants
ok 685 - G1 runtime evidence is source-bound and reproducible for all three Synthetic Tenants
  ---
  duration_ms: 506.377375
  type: 'test'
  ...
# Subtest: external G1 storage is exact and identity instance prefix fails closed
ok 686 - external G1 storage is exact and identity instance prefix fails closed
  ---
  duration_ms: 1.622042
  type: 'test'
  ...
# Subtest: external G1 storage validates the C12 factory and returned Port
ok 687 - external G1 storage validates the C12 factory and returned Port
  ---
  duration_ms: 51.274791
  type: 'test'
  ...
# Subtest: external G1 storage projects provisioning and activation in Tenant order
ok 688 - external G1 storage projects provisioning and activation in Tenant order
  ---
  duration_ms: 134.552292
  type: 'test'
  ...
# Subtest: shared storage replays the complete G1 chain across runtime instances
ok 689 - shared storage replays the complete G1 chain across runtime instances
  ---
  duration_ms: 434.248
  type: 'test'
  ...
# Subtest: default memory diagnostic keeps its deterministic C06 and C16 evidence
ok 690 - default memory diagnostic keeps its deterministic C06 and C16 evidence
  ---
  duration_ms: 613.168417
  type: 'test'
  ...
# Subtest: G1 memory diagnostic assembles three fixed F02 Synthetic Tenants with three users and roles
ok 691 - G1 memory diagnostic assembles three fixed F02 Synthetic Tenants with three users and roles
  ---
  duration_ms: 147.580666
  type: 'test'
  ...
# Subtest: G1 memory diagnostic establishes nine distinct synthetic C04 sessions
ok 692 - G1 memory diagnostic establishes nine distinct synthetic C04 sessions
  ---
  duration_ms: 130.965375
  type: 'test'
  ...
# Subtest: G1 role-bound authorization allows its owner and fails closed for another real user
ok 693 - G1 role-bound authorization allows its owner and fails closed for another real user
  ---
  duration_ms: 118.178333
  type: 'test'
  ...
# Subtest: G1 cross-Tenant role-bound authorization reaches real identity validation and returns one stable denial
ok 694 - G1 cross-Tenant role-bound authorization reaches real identity validation and returns one stable denial
  ---
  duration_ms: 132.682209
  type: 'test'
  ...
# Subtest: G1 wrong-Tenant C04 session probe fails closed
ok 695 - G1 wrong-Tenant C04 session probe fails closed
  ---
  duration_ms: 200.46725
  type: 'test'
  ...
# Subtest: G1 run resolves a real C05 principal and a real C06 bound decision
ok 696 - G1 run resolves a real C05 principal and a real C06 bound decision
  ---
  duration_ms: 321.498625
  type: 'test'
  ...
# Subtest: G1 run retrieves tenant-scoped evidence through the real C11 RAG service
ok 697 - G1 run retrieves tenant-scoped evidence through the real C11 RAG service
  ---
  duration_ms: 309.784834
  type: 'test'
  ...
# Subtest: G1 run uses real C14, C16 and C15 with no external effect
ok 698 - G1 run uses real C14, C16 and C15 with no external effect
  ---
  duration_ms: 423.747208
  type: 'test'
  ...
# Subtest: G1 run is wrapped by real C08 state and completes the real C12 nine-node graph
ok 699 - G1 run is wrapped by real C08 state and completes the real C12 nine-node graph
  ---
  duration_ms: 233.159209
  type: 'test'
  ...
# Subtest: G1 run appends and verifies one real C18 audit chain event
ok 700 - G1 run appends and verifies one real C18 audit chain event
  ---
  duration_ms: 395.174208
  type: 'test'
  ...
# Subtest: G1 run records real C19 telemetry and settles model and tool usage on one trace
ok 701 - G1 run records real C19 telemetry and settles model and tool usage on one trace
  ---
  duration_ms: 266.389833
  type: 'test'
  ...
# Subtest: all three fixed Synthetic Tenants complete isolated C08 through C19 chains
ok 702 - all three fixed Synthetic Tenants complete isolated C08 through C19 chains
  ---
  duration_ms: 612.327292
  type: 'test'
  ...
# Subtest: G1 complete run replays stable C08, C12, C18 and C19 evidence without a new effect
ok 703 - G1 complete run replays stable C08, C12, C18 and C19 evidence without a new effect
  ---
  duration_ms: 237.493041
  type: 'test'
  ...
# Subtest: the C04 catalog covers exactly the frozen F02 Synthetic Tenants
ok 704 - the C04 catalog covers exactly the frozen F02 Synthetic Tenants
  ---
  duration_ms: 4.400458
  type: 'test'
  ...
# Subtest: every C04 subject comes from its matching F02 user record
ok 705 - every C04 subject comes from its matching F02 user record
  ---
  duration_ms: 2.963125
  type: 'test'
  ...
# Subtest: a synthetic provider catalog must start at configuration version one
ok 706 - a synthetic provider catalog must start at configuration version one
  ---
  duration_ms: 0.948625
  type: 'test'
  ...
# Subtest: the C04 contract exposes the five deep-module operations
ok 707 - the C04 contract exposes the five deep-module operations
  ---
  duration_ms: 3.219292
  type: 'test'
  ...
# Subtest: the P1 command contract contains no Enterprise, merge or authorization command
ok 708 - the P1 command contract contains no Enterprise, merge or authorization command
  ---
  duration_ms: 0.911917
  type: 'test'
  ...
# Subtest: the Tenant lifecycle command carries the exact authoritative C03 source tuple
ok 709 - the Tenant lifecycle command carries the exact authoritative C03 source tuple
  ---
  duration_ms: 2.398
  type: 'test'
  ...
# Subtest: authentication responses explicitly leave business authorization unevaluated
ok 710 - authentication responses explicitly leave business authorization unevaluated
  ---
  duration_ms: 0.864917
  type: 'test'
  ...
# Subtest: login and session operations require a trusted BFF boundary
ok 711 - login and session operations require a trusted BFF boundary
  ---
  duration_ms: 0.899958
  type: 'test'
  ...
# Subtest: sensitive login fields declare the Core length boundaries
ok 712 - sensitive login fields declare the Core length boundaries
  ---
  duration_ms: 0.680084
  type: 'test'
  ...
# Subtest: the governance snapshot declares every field returned by the module
ok 713 - the governance snapshot declares every field returned by the module
  ---
  duration_ms: 0.782708
  type: 'test'
  ...
# Subtest: C04 P1 synthetic verification evidence is intact
ok 714 - C04 P1 synthetic verification evidence is intact
  ---
  duration_ms: 832.086125
  type: 'test'
  ...
# Subtest: the C04 module exposes only its five caller-facing entries
ok 715 - the C04 module exposes only its five caller-facing entries
  ---
  duration_ms: 1.697917
  type: 'test'
  ...
# Subtest: the synthetic catalog rejects enterprise identity endpoints
ok 716 - the synthetic catalog rejects enterprise identity endpoints
  ---
  duration_ms: 0.352917
  type: 'test'
  ...
# Subtest: a C03 provisioning event creates one frozen synthetic provider projection
ok 717 - a C03 provisioning event creates one frozen synthetic provider projection
  ---
  duration_ms: 13.316959
  type: 'test'
  ...
# Subtest: a Tenant suspended before first C04 delivery creates a suspended projection
ok 718 - a Tenant suspended before first C04 delivery creates a suspended projection
  ---
  duration_ms: 1.158125
  type: 'test'
  ...
# Subtest: a newer ACTIVE event restores READY before its older resume event arrives
ok 719 - a newer ACTIVE event restores READY before its older resume event arrives
  ---
  duration_ms: 2.682667
  type: 'test'
  ...
# Subtest: a Tenant deleting before first C04 delivery creates a deleted tombstone
ok 720 - a Tenant deleting before first C04 delivery creates a deleted tombstone
  ---
  duration_ms: 0.594084
  type: 'test'
  ...
# Subtest: a source event ID cannot be rebound to different lifecycle content
ok 721 - a source event ID cannot be rebound to different lifecycle content
  ---
  duration_ms: 0.93475
  type: 'test'
  ...
# Subtest: out-of-order and newer active snapshots cannot restore a terminated account
ok 722 - out-of-order and newer active snapshots cannot restore a terminated account
  ---
  duration_ms: 2.685333
  type: 'test'
  ...
# Subtest: the same source revision with different content fails closed
ok 723 - the same source revision with different content fails closed
  ---
  duration_ms: 1.440709
  type: 'test'
  ...
# Subtest: a newer ACTIVE identity revision revokes sessions without granting business roles
ok 724 - a newer ACTIVE identity revision revokes sessions without granting business roles
  ---
  duration_ms: 7.027959
  type: 'test'
  ...
# Subtest: different subjects remain different accounts even when assertions share an email
ok 725 - different subjects remain different accounts even when assertions share an email
  ---
  duration_ms: 4.915041
  type: 'test'
  ...
# Subtest: strict OIDC login returns authentication context without business authorization
ok 726 - strict OIDC login returns authentication context without business authorization
  ---
  duration_ms: 9.80025
  type: 'test'
  ...
# Subtest: a pending login stays pinned to its grace configuration during key rotation
ok 727 - a pending login stays pinned to its grace configuration during key rotation
  ---
  duration_ms: 5.86975
  type: 'test'
  ...
# Subtest: ordinary retirement cannot shorten the provider grace period
ok 728 - ordinary retirement cannot shorten the provider grace period
  ---
  duration_ms: 2.542666
  type: 'test'
  ...
# Subtest: key rotation compares key sets and emergency rotation removes a key
ok 729 - key rotation compares key sets and emergency rotation removes a key
  ---
  duration_ms: 3.578083
  type: 'test'
  ...
# Subtest: an emergency key rotation revokes existing sessions
ok 730 - an emergency key rotation revokes existing sessions
  ---
  duration_ms: 4.00525
  type: 'test'
  ...
# Subtest: an emergency rotation retires every older grace configuration
ok 731 - an emergency rotation retires every older grace configuration
  ---
  duration_ms: 3.368834
  type: 'test'
  ...
# Subtest: concurrent callbacks exchange one authorization code at most once
ok 732 - concurrent callbacks exchange one authorization code at most once
  ---
  duration_ms: 3.513334
  type: 'test'
  ...
# Subtest: login completion fails if termination commits before the final session check
ok 733 - login completion fails if termination commits before the final session check
  ---
  duration_ms: 3.383542
  type: 'test'
  ...
# Subtest: a callback cannot create a session after its login transaction expires
ok 734 - a callback cannot create a session after its login transaction expires
  ---
  duration_ms: 2.199917
  type: 'test'
  ...
# Subtest: an unknown subject is rejected even when its OIDC assertion is valid
ok 735 - an unknown subject is rejected even when its OIDC assertion is valid
  ---
  duration_ms: 2.988583
  type: 'test'
  ...
# Subtest: OIDC issuer mismatch is rejected
ok 736 - OIDC issuer mismatch is rejected
  ---
  duration_ms: 2.326792
  type: 'test'
  ...
# Subtest: OIDC audience mismatch is rejected
ok 737 - OIDC audience mismatch is rejected
  ---
  duration_ms: 1.579542
  type: 'test'
  ...
# Subtest: OIDC nonce mismatch is rejected
ok 738 - OIDC nonce mismatch is rejected
  ---
  duration_ms: 2.214416
  type: 'test'
  ...
# Subtest: OIDC algorithm mismatch is rejected
ok 739 - OIDC algorithm mismatch is rejected
  ---
  duration_ms: 2.91325
  type: 'test'
  ...
# Subtest: OIDC key mismatch is rejected
ok 740 - OIDC key mismatch is rejected
  ---
  duration_ms: 2.628625
  type: 'test'
  ...
# Subtest: OIDC MFA mismatch is rejected
ok 741 - OIDC MFA mismatch is rejected
  ---
  duration_ms: 2.213167
  type: 'test'
  ...
# Subtest: state and PKCE verifier mismatches fail before token exchange
ok 742 - state and PKCE verifier mismatches fail before token exchange
  ---
  duration_ms: 2.26775
  type: 'test'
  ...
# Subtest: account suspension revokes an existing session by epoch and row state
ok 743 - account suspension revokes an existing session by epoch and row state
  ---
  duration_ms: 4.615583
  type: 'test'
  ...
# Subtest: account deactivation reaches BFF and Core within the frozen no-cache SLA
ok 744 - account deactivation reaches BFF and Core within the frozen no-cache SLA
  ---
  duration_ms: 4.774042
  type: 'test'
  ...
# Subtest: Tenant suspension revokes sessions and blocks every login surface
ok 745 - Tenant suspension revokes sessions and blocks every login surface
  ---
  duration_ms: 4.840125
  type: 'test'
  ...
# Subtest: a termination snapshot still applies while its Tenant is suspended
ok 746 - a termination snapshot still applies while its Tenant is suspended
  ---
  duration_ms: 4.312625
  type: 'test'
  ...
# Subtest: manual logout is idempotent and never exposes the stored token hash
ok 747 - manual logout is idempotent and never exposes the stored token hash
  ---
  duration_ms: 3.864875
  type: 'test'
  ...
# Subtest: authorization failures and Enterprise commands fail closed
ok 748 - authorization failures and Enterprise commands fail closed
  ---
  duration_ms: 0.226083
  type: 'test'
  ...
# Subtest: the C04 migration creates the nine identity persistence tables
ok 749 - the C04 migration creates the nine identity persistence tables
  ---
  duration_ms: 3.824792
  type: 'test'
  ...
# Subtest: login and session persistence stores hashes instead of bearer secrets
ok 750 - login and session persistence stores hashes instead of bearer secrets
  ---
  duration_ms: 1.296417
  type: 'test'
  ...
# Subtest: provider configuration is versioned with one-way rotation states
ok 751 - provider configuration is versioned with one-way rotation states
  ---
  duration_ms: 1.217208
  type: 'test'
  ...
# Subtest: the PostgreSQL adapter preserves the narrow four-method Store seam
ok 752 - the PostgreSQL adapter preserves the narrow four-method Store seam
  ---
  duration_ms: 0.564292
  type: 'test'
  ...
# Subtest: runCommand exposes every existing transaction method in one serializable transaction
ok 753 - runCommand exposes every existing transaction method in one serializable transaction
  ---
  duration_ms: 0.40925
  type: 'test'
  ...
# Subtest: event and outbox payloads use the same transaction and exact event
ok 754 - event and outbox payloads use the same transaction and exact event
  ---
  duration_ms: 0.169125
  type: 'test'
  ...
# Subtest: login completion locks the login transaction before the projection
ok 755 - login completion locks the login transaction before the projection
  ---
  duration_ms: 0.171708
  type: 'test'
  ...
# Subtest: stored command receipts replay safely and conflicting reuse fails closed
ok 756 - stored command receipts replay safely and conflicting reuse fails closed
  ---
  duration_ms: 0.319708
  type: 'test'
  ...
# Subtest: binding conflicts and random identifier collisions have stable error codes
ok 757 - binding conflicts and random identifier collisions have stable error codes
  ---
  duration_ms: 0.295958
  type: 'test'
  ...
# Subtest: tenant snapshots use one repeatable-read, read-only database view
ok 758 - tenant snapshots use one repeatable-read, read-only database view
  ---
  duration_ms: 0.335125
  type: 'test'
  ...
# Subtest: unsafe schemas and unknown database failures fail closed
ok 759 - unsafe schemas and unknown database failures fail closed
  ---
  duration_ms: 0.139583
  type: 'test'
  ...
# Subtest: the worker-only outbox module exposes three operations
ok 760 - the worker-only outbox module exposes three operations
  ---
  duration_ms: 1.508542
  type: 'test'
  ...
# Subtest: the incremental migration enforces the delivery state machine
ok 761 - the incremental migration enforces the delivery state machine
  ---
  duration_ms: 3.049959
  type: 'test'
  ...
# Subtest: claims are bounded, exclusive and use database time
ok 762 - claims are bounded, exclusive and use database time
  ---
  duration_ms: 0.6095
  type: 'test'
  ...
# Subtest: completion and failure are fenced by worker, version and lease time
ok 763 - completion and failure are fenced by worker, version and lease time
  ---
  duration_ms: 0.364958
  type: 'test'
  ...
# Subtest: invalid bounds and stale leases fail closed
ok 764 - invalid bounds and stale leases fail closed
  ---
  duration_ms: 0.448959
  type: 'test'
  ...
# Subtest: database failures expose no connection details
ok 765 - database failures expose no connection details
  ---
  duration_ms: 0.15
  type: 'test'
  ...
# Subtest: Policy v2 candidate is closed, self-hashed, and model-only for P0-P2
ok 766 - Policy v2 candidate is closed, self-hashed, and model-only for P0-P2
  ---
  duration_ms: 6.091042
  type: 'test'
  ...
# Subtest: Policy v2 states the bounded local trust claim without human or production overclaim
ok 767 - Policy v2 states the bounded local trust claim without human or production overclaim
  ---
  duration_ms: 0.260875
  type: 'test'
  ...
# Subtest: Policy local trust overclaims fail closed
ok 768 - Policy local trust overclaims fail closed
  ---
  duration_ms: 3.103125
  type: 'test'
  ...
# Subtest: Policy v2 preserves historical inconclusive records without retrospective satisfaction
ok 769 - Policy v2 preserves historical inconclusive records without retrospective satisfaction
  ---
  duration_ms: 0.129375
  type: 'test'
  ...
# Subtest: Policy mutation and human-review claims fail closed
ok 770 - Policy mutation and human-review claims fail closed
  ---
  duration_ms: 0.405041
  type: 'test'
  ...
# Subtest: Policy semantic validation requires every P3 human-review boundary
ok 771 - Policy semantic validation requires every P3 human-review boundary
  ---
  duration_ms: 2.447833
  type: 'test'
  ...
# Subtest: Review Bundle generation is deterministic, closed, and self-hashed
ok 772 - Review Bundle generation is deterministic, closed, and self-hashed
  ---
  duration_ms: 8.856875
  type: 'test'
  ...
# Subtest: Bundle generator rejects caller-controlled readiness and unknown fields
ok 773 - Bundle generator rejects caller-controlled readiness and unknown fields
  ---
  duration_ms: 0.912292
  type: 'test'
  ...
# Subtest: Bundle source, prompt, test evidence, and reviewed paths are fail-closed
ok 774 - Bundle source, prompt, test evidence, and reviewed paths are fail-closed
  ---
  duration_ms: 12.982458
  type: 'test'
  ...
# Subtest: Output and Receipt schemas reject unknown fields
ok 775 - Output and Receipt schemas reject unknown fields
  ---
  duration_ms: 5.355084
  type: 'test'
  ...
# Subtest: Kimi Receipt v3 binds the frozen Material Schema and distinguishes manifest semantics from raw Envelope bytes
ok 776 - Kimi Receipt v3 binds the frozen Material Schema and distinguishes manifest semantics from raw Envelope bytes
  ---
  duration_ms: 2.973458
  type: 'test'
  ...
# Subtest: Output Schema stays compatible with structured output and semantic validation keeps evidence digests unique
ok 777 - Output Schema stays compatible with structured output and semantic validation keeps evidence digests unique
  ---
  duration_ms: 48.603041
  type: 'test'
  ...
# Subtest: Receipt semantic validation mirrors bounded model-output Schema limits
ok 778 - Receipt semantic validation mirrors bounded model-output Schema limits
  ---
  duration_ms: 111.06725
  type: 'test'
  ...
# Subtest: Raw model output parser rejects duplicate keys, fences, and trailing text
ok 779 - Raw model output parser rejects duplicate keys, fences, and trailing text
  ---
  duration_ms: 0.383959
  type: 'test'
  ...
# Subtest: Raw model output is hashed and decoded from exact UTF-8 bytes
ok 780 - Raw model output is hashed and decoded from exact UTF-8 bytes
  ---
  duration_ms: 0.216542
  type: 'test'
  ...
# Subtest: Raw model output rejects unpaired UTF-16 surrogates
ok 781 - Raw model output rejects unpaired UTF-16 surrogates
  ---
  duration_ms: 0.213542
  type: 'test'
  ...
# Subtest: Reviewer timestamps are control-plane evidence, not model assertions
ok 782 - Reviewer timestamps are control-plane evidence, not model assertions
  ---
  duration_ms: 4.475
  type: 'test'
  ...
# Subtest: A caller-authored no-tools legacy attestation remains inconclusive
ok 783 - A caller-authored no-tools legacy attestation remains inconclusive
  ---
  duration_ms: 5.34825
  type: 'test'
  ...
# Subtest: Caller-authored legacy runtime attestations cannot prove formal model independence
ok 784 - Caller-authored legacy runtime attestations cannot prove formal model independence
  ---
  duration_ms: 8.51575
  type: 'test'
  ...
# Subtest: OS-enforced claims in a legacy attestation cannot replace trusted runtime evidence
ok 785 - OS-enforced claims in a legacy attestation cannot replace trusted runtime evidence
  ---
  duration_ms: 10.943
  type: 'test'
  ...
# Subtest: Receipt construction requires proved independence and binds the mandated review evidence
ok 786 - Receipt construction requires proved independence and binds the mandated review evidence
  ---
  duration_ms: 19.796166
  type: 'test'
  ...
# Subtest: Same model or implementation participation is BLOCKED
ok 787 - Same model or implementation participation is BLOCKED
  ---
  duration_ms: 5.985667
  type: 'test'
  ...
# Subtest: Unproved isolation, local-tool capability, or fixed model identity is INCONCLUSIVE
ok 788 - Unproved isolation, local-tool capability, or fixed model identity is INCONCLUSIVE
  ---
  duration_ms: 6.189209
  type: 'test'
  ...
# Subtest: Session, probe, repository, Bundle, and output-Schema binding failures are INCONCLUSIVE
ok 789 - Session, probe, repository, Bundle, and output-Schema binding failures are INCONCLUSIVE
  ---
  duration_ms: 7.377792
  type: 'test'
  ...
# Subtest: Isolation evidence requires a trusted byte resolver and repository snapshots bound to the Bundle
ok 790 - Isolation evidence requires a trusted byte resolver and repository snapshots bound to the Bundle
  ---
  duration_ms: 2.148541
  type: 'test'
  ...
# Subtest: Receipt creation requires strict raw model bytes instead of a normalized object
ok 791 - Receipt creation requires strict raw model bytes instead of a normalized object
  ---
  duration_ms: 1.693333
  type: 'test'
  ...
# Subtest: Receipt semantic validation requires the frozen JSON Schema validator
ok 792 - Receipt semantic validation requires the frozen JSON Schema validator
  ---
  duration_ms: 9.308291
  type: 'test'
  ...
# Subtest: A caller callback cannot replace exact frozen Receipt and output Schema bytes
ok 793 - A caller callback cannot replace exact frozen Receipt and output Schema bytes
  ---
  duration_ms: 1.485208
  type: 'test'
  ...
# Subtest: Arbitrary probe text cannot prove any isolation result
ok 794 - Arbitrary probe text cannot prove any isolation result
  ---
  duration_ms: 2.101958
  type: 'test'
  ...
# Subtest: A syntactically bound legacy CLEAR Receipt remains inconclusive
ok 795 - A syntactically bound legacy CLEAR Receipt remains inconclusive
  ---
  duration_ms: 117.851833
  type: 'test'
  ...
# Subtest: Receipt validation independently revalidates Policy and Review Bundle
ok 796 - Receipt validation independently revalidates Policy and Review Bundle
  ---
  duration_ms: 51.30275
  type: 'test'
  ...
# Subtest: Receipt cannot claim human review, governance effect, or P3 substitution
ok 797 - Receipt cannot claim human review, governance effect, or P3 substitution
  ---
  duration_ms: 136.533917
  type: 'test'
  ...
# Subtest: Commit, tree, diff, Prompt, model output, or test evidence changes stale a Receipt
ok 798 - Commit, tree, diff, Prompt, model output, or test evidence changes stale a Receipt
  ---
  duration_ms: 125.502292
  type: 'test'
  ...
# Subtest: Receipt hash tampering and time inversion are rejected
ok 799 - Receipt hash tampering and time inversion are rejected
  ---
  duration_ms: 45.646417
  type: 'test'
  ...
# Subtest: OPEN HIGH or CRITICAL findings make CLEAR impossible
ok 800 - OPEN HIGH or CRITICAL findings make CLEAR impossible
  ---
  duration_ms: 25.834375
  type: 'test'
  ...
# Subtest: BLOCKED and INCONCLUSIVE outputs remain non-success
ok 801 - BLOCKED and INCONCLUSIVE outputs remain non-success
  ---
  duration_ms: 61.308833
  type: 'test'
  ...
# Subtest: Required Check mapper trusts only validated results
ok 802 - Required Check mapper trusts only validated results
  ---
  duration_ms: 0.223583
  type: 'test'
  ...
# Subtest: Prompt injection strings are data and cannot supply an expected decision
ok 803 - Prompt injection strings are data and cannot supply an expected decision
  ---
  duration_ms: 7.536083
  type: 'test'
  ...
# Subtest: P3, enterprise data, or production effect always requires human review
ok 804 - P3, enterprise data, or production effect always requires human review
  ---
  duration_ms: 17.639125
  type: 'test'
  ...
# Subtest: No production module exposes D1, GitHub publication, merge, or deployment authority
ok 805 - No production module exposes D1, GitHub publication, merge, or deployment authority
  ---
  duration_ms: 0.681958
  type: 'test'
  ...
# Subtest: Existing historical artifact remains byte-bound and is not rewritten
ok 806 - Existing historical artifact remains byte-bound and is not rewritten
  ---
  duration_ms: 3.2135
  type: 'test'
  ...
# Subtest: Current public progress action allowlist is not expanded
ok 807 - Current public progress action allowlist is not expanded
  ---
  duration_ms: 0.484292
  type: 'test'
  ...
# Subtest: Production and test digest implementations agree on policy, bundle, and receipt
ok 808 - Production and test digest implementations agree on policy, bundle, and receipt
  ---
  duration_ms: 3046.003375
  type: 'test'
  ...
# Subtest: formal TAP evidence binds the exact summary and allowed skip set
ok 809 - formal TAP evidence binds the exact summary and allowed skip set
  ---
  duration_ms: 4.895167
  type: 'test'
  ...
# Subtest: formal TAP evidence distinguishes the top-level plan from nested test totals
ok 810 - formal TAP evidence distinguishes the top-level plan from nested test totals
  ---
  duration_ms: 1.184834
  type: 'test'
  ...
# Subtest: formal TAP evidence rejects footer-only inflated recursive totals
ok 811 - formal TAP evidence rejects footer-only inflated recursive totals
  ---
  duration_ms: 0.364459
  type: 'test'
  ...
# Subtest: formal TAP evidence rejects a top-level failure hidden by a PASS footer
ok 812 - formal TAP evidence rejects a top-level failure hidden by a PASS footer
  ---
  duration_ms: 0.134333
  type: 'test'
  ...
# Subtest: formal TAP evidence rejects a nested failure hidden by a PASS footer
ok 813 - formal TAP evidence rejects a nested failure hidden by a PASS footer
  ---
  duration_ms: 0.116791
  type: 'test'
  ...
# Subtest: formal TAP evidence rejects orphaned or unclosed nested results
ok 814 - formal TAP evidence rejects orphaned or unclosed nested results
  ---
  duration_ms: 0.063042
  type: 'test'
  ...
# Subtest: formal TAP evidence rejects a top-level bailout before PASS results
ok 815 - formal TAP evidence rejects a top-level bailout before PASS results
  ---
  duration_ms: 0.053833
  type: 'test'
  ...
# Subtest: formal TAP evidence rejects a nested bailout before PASS results
ok 816 - formal TAP evidence rejects a nested bailout before PASS results
  ---
  duration_ms: 0.046458
  type: 'test'
  ...
# Subtest: formal TAP evidence rejects a bailout before the TAP header
ok 817 - formal TAP evidence rejects a bailout before the TAP header
  ---
  duration_ms: 0.057042
  type: 'test'
  ...
# Subtest: formal TAP evidence rejects an indented pre-header bailout after npm output
ok 818 - formal TAP evidence rejects an indented pre-header bailout after npm output
  ---
  duration_ms: 0.098958
  type: 'test'
  ...
# Subtest: formal TAP evidence rejects pre-header test points that hide a failure
ok 819 - formal TAP evidence rejects pre-header test points that hide a failure
  ---
  duration_ms: 0.057334
  type: 'test'
  ...
# Subtest: formal TAP evidence rejects pre-header plans and TAP control lines
ok 820 - formal TAP evidence rejects pre-header plans and TAP control lines
  ---
  duration_ms: 0.105
  type: 'test'
  ...
# Subtest: formal TAP evidence rejects bare result tokens before the TAP header
ok 821 - formal TAP evidence rejects bare result tokens before the TAP header
  ---
  duration_ms: 0.08025
  type: 'test'
  ...
# Subtest: formal TAP evidence rejects bare result tokens after the TAP header
ok 822 - formal TAP evidence rejects bare result tokens after the TAP header
  ---
  duration_ms: 0.089917
  type: 'test'
  ...
# Subtest: spec output cannot forge a TAP summary with console text
ok 823 - spec output cannot forge a TAP summary with console text
  ---
  duration_ms: 0.131666
  type: 'test'
  ...
# Subtest: a ref-tip change between frozen commands fails the collection boundary
ok 824 - a ref-tip change between frozen commands fails the collection boundary
  ---
  duration_ms: 0.33575
  type: 'test'
  ...
# Subtest: formal test sandbox binds the exact system Git and xcrun shim bytes
ok 825 - formal test sandbox binds the exact system Git and xcrun shim bytes
  ---
  duration_ms: 3.398917
  type: 'test'
  ...
# Subtest: formal outer Seatbelt records nested test-collector unavailability as one infrastructure failure
ok 826 - formal outer Seatbelt records nested test-collector unavailability as one infrastructure failure
  ---
  duration_ms: 2425.251291
  type: 'test'
  ...
# Subtest: Git Bundle generator binds the exact parent, source commit, tree, diff, and all changed paths
ok 827 - Git Bundle generator binds the exact parent, source commit, tree, diff, and all changed paths # SKIP
  ---
  duration_ms: 0.09475
  type: 'test'
  ...
# Subtest: caller-provided implementation identity cannot replace the frozen participant manifest
ok 828 - caller-provided implementation identity cannot replace the frozen participant manifest
  ---
  duration_ms: 235.752166
  type: 'test'
  ...
# Subtest: Dirty working-tree bytes cannot impersonate bytes frozen in sourceCommit
ok 829 - Dirty working-tree bytes cannot impersonate bytes frozen in sourceCommit # SKIP
  ---
  duration_ms: 0.109708
  type: 'test'
  ...
# Subtest: Nonexistent commits and non-parent bases fail closed
ok 830 - Nonexistent commits and non-parent bases fail closed
  ---
  duration_ms: 336.241208
  type: 'test'
  ...
# Subtest: Caller-supplied test evidence is rejected before it can replace frozen-plan evidence
ok 831 - Caller-supplied test evidence is rejected before it can replace frozen-plan evidence
  ---
  duration_ms: 260.245833
  type: 'test'
  ...
# Subtest: Test evidence output cannot overlap the repository or shared dependencies
ok 832 - Test evidence output cannot overlap the repository or shared dependencies
  ---
  duration_ms: 867.759084
  type: 'test'
  ...
# Subtest: A frozen test plan whose self-hash no longer matches fails closed
ok 833 - A frozen test plan whose self-hash no longer matches fails closed
  ---
  duration_ms: 792.711333
  type: 'test'
  ...
# Subtest: trusted control plane rejects a frozen patch with whitespace errors
ok 834 - trusted control plane rejects a frozen patch with whitespace errors
  ---
  duration_ms: 492.701708
  type: 'test'
  ...
# Subtest: git archive export-ignore or export-subst cannot change frozen source bytes
ok 835 - git archive export-ignore or export-subst cannot change frozen source bytes
  ---
  duration_ms: 2863.994042
  type: 'test'
  ...
# Subtest: the frozen TAP plan explicitly requests the TAP reporter
ok 836 - the frozen TAP plan explicitly requests the TAP reporter
  ---
  duration_ms: 1.361625
  type: 'test'
  ...
# Subtest: ADR 0012 binds the exact recursive collector skip count
ok 837 - ADR 0012 binds the exact recursive collector skip count
  ---
  duration_ms: 0.68075
  type: 'test'
  ...
# Subtest: tracked node_modules cannot bypass source and dependency bindings
ok 838 - tracked node_modules cannot bypass source and dependency bindings
  ---
  duration_ms: 975.250125
  type: 'test'
  ...
# Subtest: the frozen test-result Schema is executed against collected evidence
ok 839 - the frozen test-result Schema is executed against collected evidence # SKIP
  ---
  duration_ms: 0.082083
  type: 'test'
  ...
# Subtest: A failing command observed by the frozen collector cannot become PASS evidence
ok 840 - A failing command observed by the frozen collector cannot become PASS evidence # SKIP
  ---
  duration_ms: 0.017958
  type: 'test'
  ...
# Subtest: an unlisted TAP skip cannot become PASS evidence
ok 841 - an unlisted TAP skip cannot become PASS evidence # SKIP
  ---
  duration_ms: 0.012041
  type: 'test'
  ...
# Subtest: A passing command that mutates its isolated frozen source cannot become PASS evidence
ok 842 - A passing command that mutates its isolated frozen source cannot become PASS evidence # SKIP
  ---
  duration_ms: 0.011167
  type: 'test'
  ...
# Subtest: A passing command that creates an untracked file in its isolated frozen source cannot become PASS evidence
ok 843 - A passing command that creates an untracked file in its isolated frozen source cannot become PASS evidence # SKIP
  ---
  duration_ms: 0.012
  type: 'test'
  ...
# Subtest: the frozen collector mounts exact read-only Git history, protects source and dependencies, permits bounded outputs and nested tools, and denies all network
ok 844 - the frozen collector mounts exact read-only Git history, protects source and dependencies, permits bounded outputs and nested tools, and denies all network # SKIP
  ---
  duration_ms: 0.010209
  type: 'test'
  ...
# Subtest: frozen npm configuration cannot be rewritten or injected through a case-aliased project file
ok 845 - frozen npm configuration cannot be rewritten or injected through a case-aliased project file # SKIP
  ---
  duration_ms: 0.010084
  type: 'test'
  ...
# Subtest: the frozen Git history contains every exact ref-reachable canary and excludes dangling objects
ok 846 - the frozen Git history contains every exact ref-reachable canary and excludes dangling objects # SKIP
  ---
  duration_ms: 0.011041
  type: 'test'
  ...
# Subtest: the frozen collector rejects a transcript containing the active Moonshot credential
ok 847 - the frozen collector rejects a transcript containing the active Moonshot credential # SKIP
  ---
  duration_ms: 0.009792
  type: 'test'
  ...
# Subtest: A frozen collector that differs from the executed collector fails closed
ok 848 - A frozen collector that differs from the executed collector fails closed
  ---
  duration_ms: 338.928292
  type: 'test'
  ...
# Subtest: Bundle generator must match its own bytes frozen in sourceCommit
ok 849 - Bundle generator must match its own bytes frozen in sourceCommit
  ---
  duration_ms: 327.472709
  type: 'test'
  ...
# Subtest: The CLI builder is stdout-only and exposes no output-file option
ok 850 - The CLI builder is stdout-only and exposes no output-file option
  ---
  duration_ms: 0.441583
  type: 'test'
  ...
# Subtest: runtime evidence schemas are closed and compile under JSON Schema 2020-12
ok 851 - runtime evidence schemas are closed and compile under JSON Schema 2020-12
  ---
  duration_ms: 41.673625
  type: 'test'
  ...
# Subtest: frozen local control plane derives all twelve read-only probes from raw observations
ok 852 - frozen local control plane derives all twelve read-only probes from raw observations # SKIP
  ---
  duration_ms: 0.285083
  type: 'test'
  ...
# Subtest: formal outer Seatbelt records nested control-plane unavailability as one infrastructure failure
ok 853 - formal outer Seatbelt records nested control-plane unavailability as one infrastructure failure
  ---
  duration_ms: 267.623417
  type: 'test'
  ...
# Subtest: sandbox reads are deny-first and the outside canary is not path-special-cased
ok 854 - sandbox reads are deny-first and the outside canary is not path-special-cased
  ---
  duration_ms: 0.649791
  type: 'test'
  ...
# Subtest: a failed nested sandbox application cannot impersonate an operation-level denial
ok 855 - a failed nested sandbox application cannot impersonate an operation-level denial
  ---
  duration_ms: 8.906333
  type: 'test'
  ...
# Subtest: protected paths come from the exact Bundle and a forged set digest fails closed
ok 856 - protected paths come from the exact Bundle and a forged set digest fails closed
  ---
  duration_ms: 213.601958
  type: 'test'
  ...
# Subtest: a caller-authored PASS cannot override a raw observation that did not show OS denial
ok 857 - a caller-authored PASS cannot override a raw observation that did not show OS denial # SKIP
  ---
  duration_ms: 0.165042
  type: 'test'
  ...
# Subtest: tampered raw evidence and binding drift fail closed
ok 858 - tampered raw evidence and binding drift fail closed # SKIP
  ---
  duration_ms: 0.052834
  type: 'test'
  ...
# Subtest: a protected byte change cannot hide behind an unchanged dirty status
ok 859 - a protected byte change cannot hide behind an unchanged dirty status # SKIP
  ---
  duration_ms: 0.062584
  type: 'test'
  ...
# Subtest: control plane contains no model invocation or network client
ok 860 - control plane contains no model invocation or network client
  ---
  duration_ms: 0.869542
  type: 'test'
  ...
# Subtest: Review Material v2 re-reads exact source changes and frozen evidence into one bounded Envelope
ok 861 - Review Material v2 re-reads exact source changes and frozen evidence into one bounded Envelope # SKIP
  ---
  duration_ms: 0.683667
  type: 'test'
  ...
# Subtest: the cumulative K3 candidate uses the additive v3 byte-defense budget
ok 862 - the cumulative K3 candidate uses the additive v3 byte-defense budget # SKIP
  ---
  duration_ms: 0.079917
  type: 'test'
  ...
# Subtest: Dirty workspace bytes and tampered Bundle or test evidence cannot impersonate frozen Review Material
ok 863 - Dirty workspace bytes and tampered Bundle or test evidence cannot impersonate frozen Review Material # SKIP
  ---
  duration_ms: 0.039791
  type: 'test'
  ...
# Subtest: a rehashed result cannot replace the frozen sandbox template binding
ok 864 - a rehashed result cannot replace the frozen sandbox template binding # SKIP
  ---
  duration_ms: 0.033791
  type: 'test'
  ...
# Subtest: Kimi runner performs zero network calls without a credential
ok 865 - Kimi runner performs zero network calls without a credential # SKIP
  ---
  duration_ms: 0.04575
  type: 'test'
  ...
# Subtest: Kimi runner fails closed before network without a trusted runtime closure verifier
ok 866 - Kimi runner fails closed before network without a trusted runtime closure verifier # SKIP
  ---
  duration_ms: 0.029958
  type: 'test'
  ...
# Subtest: Kimi test harness cannot publish a formal Receipt from injected controls
ok 867 - Kimi test harness cannot publish a formal Receipt from injected controls # SKIP
  ---
  duration_ms: 0.049166
  type: 'test'
  ...
# Subtest: repository snapshot binds tracked, untracked and symlink worktree bytes
ok 868 - repository snapshot binds tracked, untracked and symlink worktree bytes
  ---
  duration_ms: 189.320083
  type: 'test'
  ...
# Subtest: repository snapshot rejects ignored paths outside its frozen exclusion policy
ok 869 - repository snapshot rejects ignored paths outside its frozen exclusion policy
  ---
  duration_ms: 163.356167
  type: 'test'
  ...
# Subtest: Kimi runner writes only sanitized exact-byte artifacts outside the unchanged repository
ok 870 - Kimi runner writes only sanitized exact-byte artifacts outside the unchanged repository # SKIP
  ---
  duration_ms: 0.111083
  type: 'test'
  ...
# Subtest: Kimi test harness never freezes model outcomes as formal Receipts
ok 871 - Kimi test harness never freezes model outcomes as formal Receipts # SKIP
  ---
  duration_ms: 0.023958
  type: 'test'
  ...
# Subtest: Kimi runner rejects a symlinked output parent before network or repository writes
ok 872 - Kimi runner rejects a symlinked output parent before network or repository writes # SKIP
  ---
  duration_ms: 0.022375
  type: 'test'
  ...
# Subtest: Kimi runner re-proves Bundle patch and scope from the real source commit
ok 873 - Kimi runner re-proves Bundle patch and scope from the real source commit # SKIP
  ---
  duration_ms: 0.015084
  type: 'test'
  ...
# Subtest: Kimi runner discards caller-rehashed test evidence and rebuilds the frozen test plan result
ok 874 - Kimi runner discards caller-rehashed test evidence and rebuilds the frozen test plan result # SKIP
  ---
  duration_ms: 0.014167
  type: 'test'
  ...
# Subtest: Kimi runner re-executes the frozen test plan instead of trusting a fully forged PASS closure
ok 875 - Kimi runner re-executes the frozen test plan instead of trusting a fully forged PASS closure # SKIP
  ---
  duration_ms: 0.012084
  type: 'test'
  ...
# Subtest: Kimi request and Receipt replace a fully forged PASS closure with fresh trusted evidence
ok 876 - Kimi request and Receipt replace a fully forged PASS closure with fresh trusted evidence # SKIP
  ---
  duration_ms: 0.014208
  type: 'test'
  ...
# Subtest: runtime binding closes the Node executable and exact dependency package bytes
ok 877 - runtime binding closes the Node executable and exact dependency package bytes
  ---
  duration_ms: 1421.966208
  type: 'test'
  ...
# Subtest: runtime binding serialization and self-hash reject field tampering
ok 878 - runtime binding serialization and self-hash reject field tampering
  ---
  duration_ms: 782.00325
  type: 'test'
  ...
# Subtest: runtime binding normalizes a package-symlink overlay to one frozen dependency root
ok 879 - runtime binding normalizes a package-symlink overlay to one frozen dependency root
  ---
  duration_ms: 1156.937625
  type: 'test'
  ...
# Subtest: historical K2 runtime manifest v1 remains byte-exact and valid
ok 880 - historical K2 runtime manifest v1 remains byte-exact and valid
  ---
  duration_ms: 8.147666
  type: 'test'
  ...
# Subtest: K3 runtime manifest v2 closes the exact executable module set without changing v1
ok 881 - K3 runtime manifest v2 closes the exact executable module set without changing v1
  ---
  duration_ms: 34104.246291
  type: 'test'
  ...
# Subtest: runtime manifest contracts reject cross-version module sets and non-closed CLI arguments
ok 882 - runtime manifest contracts reject cross-version module sets and non-closed CLI arguments
  ---
  duration_ms: 2928.378541
  type: 'test'
  ...
# Subtest: runtime dependency manifest closes Node, npm, lockfile, source and the full dependency tree
ok 883 - runtime dependency manifest closes Node, npm, lockfile, source and the full dependency tree
  ---
  duration_ms: 2963.034875
  type: 'test'
  ...
# Subtest: tree manifest changes for file, symlink and mode-visible dependency bytes
ok 884 - tree manifest changes for file, symlink and mode-visible dependency bytes
  ---
  duration_ms: 1.948042
  type: 'test'
  ...
# Subtest: bootstrap environment rejects preload and module-resolution injection
ok 885 - bootstrap environment rejects preload and module-resolution injection
  ---
  duration_ms: 0.263333
  type: 'test'
  ...
# Subtest: runtime manifest resolves a package-symlink overlay to the same frozen dependency tree
ok 886 - runtime manifest resolves a package-symlink overlay to the same frozen dependency tree
  ---
  duration_ms: 5940.299792
  type: 'test'
  ...
# Subtest: transport evidence schema is closed and compiles under JSON Schema 2020-12
ok 887 - transport evidence schema is closed and compiles under JSON Schema 2020-12
  ---
  duration_ms: 51.36175
  type: 'test'
  ...
# Subtest: valid transport evidence re-reads exact request, response and content bytes
ok 888 - valid transport evidence re-reads exact request, response and content bytes
  ---
  duration_ms: 5.36075
  type: 'test'
  ...
# Subtest: hash and byte-length drift in any raw artifact fails closed
ok 889 - hash and byte-length drift in any raw artifact fails closed
  ---
  duration_ms: 7.968625
  type: 'test'
  ...
# Subtest: raw bytes changed behind an unchanged descriptor fail closed
ok 890 - raw bytes changed behind an unchanged descriptor fail closed
  ---
  duration_ms: 0.864917
  type: 'test'
  ...
# Subtest: provider, model, URL, source and frozen artifact binding drift fail closed
ok 891 - provider, model, URL, source and frozen artifact binding drift fail closed
  ---
  duration_ms: 6.930708
  type: 'test'
  ...
# Subtest: raw request semantics prove tools absent, tool_choice none and strict JSON Schema
ok 892 - raw request semantics prove tools absent, tool_choice none and strict JSON Schema
  ---
  duration_ms: 2.304709
  type: 'test'
  ...
# Subtest: request strict Schema must equal the exact frozen output Schema bytes
ok 893 - request strict Schema must equal the exact frozen output Schema bytes
  ---
  duration_ms: 0.770375
  type: 'test'
  ...
# Subtest: raw response proves returned model, one choice, stop finish and exact content
ok 894 - raw response proves returned model, one choice, stop finish and exact content
  ---
  duration_ms: 2.642584
  type: 'test'
  ...
# Subtest: network count, HTTP status, protocol flags, validator versions and time order fail closed
ok 895 - network count, HTTP status, protocol flags, validator versions and time order fail closed
  ---
  duration_ms: 2.746625
  type: 'test'
  ...
# Subtest: self-hash mismatch, invalid UTF-8 and credential material fail closed
ok 896 - self-hash mismatch, invalid UTF-8 and credential material fail closed
  ---
  duration_ms: 1.696416
  type: 'test'
  ...
# Subtest: resolver failures and non-byte resolver values fail closed
ok 897 - resolver failures and non-byte resolver values fail closed
  ---
  duration_ms: 0.925541
  type: 'test'
  ...
# Subtest: transport evidence validator contains no network, Git, D1 or Sites capability
ok 898 - transport evidence validator contains no network, Git, D1 or Sites capability
  ---
  duration_ms: 0.520375
  type: 'test'
  ...
# Subtest: SCIM revisions run exclusively and finish in source order
ok 899 - SCIM revisions run exclusively and finish in source order
  ---
  duration_ms: 3.407459
  type: 'test'
  ...
# Subtest: a newer termination takes over a crashed pending revision
ok 900 - a newer termination takes over a crashed pending revision
  ---
  duration_ms: 0.85
  type: 'test'
  ...
# Subtest: apply cannot override a constructor-owned checkpoint namespace
ok 901 - apply cannot override a constructor-owned checkpoint namespace
  ---
  duration_ms: 0.177417
  type: 'test'
  ...
# Subtest: SCIM credential-bearing Port failures are sanitized
ok 902 - SCIM credential-bearing Port failures are sanitized
  ---
  duration_ms: 0.473834
  type: 'test'
  ...
# Subtest: bootstrap has a node-builtins-only static import boundary
ok 903 - bootstrap has a node-builtins-only static import boundary
  ---
  duration_ms: 2.997584
  type: 'test'
  ...
# Subtest: direct runner CLI refuses before it can use a credential or network
ok 904 - direct runner CLI refuses before it can use a credential or network
  ---
  duration_ms: 109.899542
  type: 'test'
  ...
# Subtest: formal bootstrap runner has no caller-overridable credential, transport, clock or closure seam
ok 905 - formal bootstrap runner has no caller-overridable credential, transport, clock or closure seam
  ---
  duration_ms: 1.987917
  type: 'test'
  ...
# Subtest: bootstrap awaits the frozen runner before removing its isolated source
ok 906 - bootstrap awaits the frozen runner before removing its isolated source
  ---
  duration_ms: 1.185208
  type: 'test'
  ...
# Subtest: formal credential lookup checks existence without a secret before one secret read
ok 907 - formal credential lookup checks existence without a secret before one secret read
  ---
  duration_ms: 1.510792
  type: 'test'
  ...
# Subtest: bootstrap failure output preserves the real network attempt count
ok 908 - bootstrap failure output preserves the real network attempt count
  ---
  duration_ms: 0.266792
  type: 'test'
  ...
# Subtest: Keychain credential decoding wipes original stdout and stderr buffers
ok 909 - Keychain credential decoding wipes original stdout and stderr buffers
  ---
  duration_ms: 0.239208
  type: 'test'
  ...
# Subtest: Keychain lookup failures wipe child-process stdout and stderr buffers
ok 910 - Keychain lookup failures wipe child-process stdout and stderr buffers
  ---
  duration_ms: 0.064833
  type: 'test'
  ...
# Subtest: formal Receipt is atomically published only after final repository and runtime checks
ok 911 - formal Receipt is atomically published only after final repository and runtime checks
  ---
  duration_ms: 0.929083
  type: 'test'
  ...
# Subtest: bootstrap rejects module-resolution injection before argument parsing
ok 912 - bootstrap rejects module-resolution injection before argument parsing
  ---
  duration_ms: 39.248959
  type: 'test'
  ...
# Subtest: bootstrap accepts only a complete macOS text-encoding environment format
ok 913 - bootstrap accepts only a complete macOS text-encoding environment format
  ---
  duration_ms: 138.198625
  type: 'test'
  ...
# Subtest: bootstrap rejects a safe-looking review ID that cannot become a Receipt before runtime access
ok 914 - bootstrap rejects a safe-looking review ID that cannot become a Receipt before runtime access
  ---
  duration_ms: 36.399291
  type: 'test'
  ...
# Subtest: external launcher removes preload variables before Node starts
ok 915 - external launcher removes preload variables before Node starts
  ---
  duration_ms: 52.57825
  type: 'test'
  ...
# Subtest: runtime trust anchor is a separate ancestor commit with exact launcher and bootstrap bytes
ok 916 - runtime trust anchor is a separate ancestor commit with exact launcher and bootstrap bytes
  ---
  duration_ms: 311.314375
  type: 'test'
  ...
# Subtest: fixed Moonshot Kimi config is closed, self-hashed and exact
ok 917 - fixed Moonshot Kimi config is closed, self-hashed and exact
  ---
  duration_ms: 29.14175
  type: 'test'
  ...
# Subtest: provider, model, base URL, protocol and fallback drift fail closed
ok 918 - provider, model, base URL, protocol and fallback drift fail closed
  ---
  duration_ms: 1.338625
  type: 'test'
  ...
# Subtest: review material is closed, byte-bound and enforces the context budget
ok 919 - review material is closed, byte-bound and enforces the context budget
  ---
  duration_ms: 93.872208
  type: 'test'
  ...
# Subtest: review material v2 envelope is canonical, closed and byte-bound
ok 920 - review material v2 envelope is canonical, closed and byte-bound
  ---
  duration_ms: 19.773833
  type: 'test'
  ...
# Subtest: review material v2 envelope rejects malformed framing and bytes
ok 921 - review material v2 envelope rejects malformed framing and bytes
  ---
  duration_ms: 1.510333
  type: 'test'
  ...
# Subtest: review material v2 envelope rejects section count, order and binding drift
ok 922 - review material v2 envelope rejects section count, order and binding drift
  ---
  duration_ms: 2.085417
  type: 'test'
  ...
# Subtest: request body is exact Kimi JSON Schema mode with tools and sampling absent
ok 923 - request body is exact Kimi JSON Schema mode with tools and sampling absent
  ---
  duration_ms: 47.712792
  type: 'test'
  ...
# Subtest: transport rejects a request whose frozen prompt, material or embedded schema was substituted
ok 924 - transport rejects a request whose frozen prompt, material or embedded schema was substituted
  ---
  duration_ms: 80.481125
  type: 'test'
  ...
# Subtest: request preflight independently binds the real Bundle, frozen Schemas and config bytes
ok 925 - request preflight independently binds the real Bundle, frozen Schemas and config bytes
  ---
  duration_ms: 63.723083
  type: 'test'
  ...
# Subtest: request preflight rejects rehashed Material with incomplete or substituted section coverage
ok 926 - request preflight rejects rehashed Material with incomplete or substituted section coverage
  ---
  duration_ms: 235.132792
  type: 'test'
  ...
# Subtest: missing credential fails before any network attempt
ok 927 - missing credential fails before any network attempt
  ---
  duration_ms: 55.101375
  type: 'test'
  ...
# Subtest: successful transport preserves exact response and content UTF-8 bytes
ok 928 - successful transport preserves exact response and content UTF-8 bytes
  ---
  duration_ms: 138.1555
  type: 'test'
  ...
# Subtest: returned model fallback, empty content, truncation, invalid JSON, HTTP, timeout and network failures close
ok 929 - returned model fallback, empty content, truncation, invalid JSON, HTTP, timeout and network failures close
  ---
  duration_ms: 142.655333
  type: 'test'
  ...
# Subtest: redirects, tool responses, secret echo and body-read timeout fail closed
ok 930 - redirects, tool responses, secret echo and body-read timeout fail closed
  ---
  duration_ms: 64.940125
  type: 'test'
  ...
# Subtest: chunked and falsely short response bodies stop at the byte limit
ok 931 - chunked and falsely short response bodies stop at the byte limit
  ---
  duration_ms: 99.322917
  type: 'test'
  ...
# Subtest: credentials cannot enter the request or survive decoded response inspection
ok 932 - credentials cannot enter the request or survive decoded response inspection
  ---
  duration_ms: 57.253708
  type: 'test'
  ...
# Subtest: duplicate provider response keys fail closed
ok 933 - duplicate provider response keys fail closed
  ---
  duration_ms: 52.783833
  type: 'test'
  ...
# Subtest: unpaired UTF-16 surrogates fail closed before request transport and in responses
ok 934 - unpaired UTF-16 surrogates fail closed before request transport and in responses
  ---
  duration_ms: 64.116334
  type: 'test'
  ...
# Subtest: formal Kimi Receipt binds transport, schemas, source and no-tool isolation
ok 935 - formal Kimi Receipt binds transport, schemas, source and no-tool isolation
  ---
  duration_ms: 228.206875
  type: 'test'
  ...
# Subtest: Receipt rejects byte, schema, semantic, model, source and legacy Terra substitutions
ok 936 - Receipt rejects byte, schema, semantic, model, source and legacy Terra substitutions
  ---
  duration_ms: 1381.041458
  type: 'test'
  ...
# Subtest: logs and request artifacts never contain credentials or authorization fields
ok 937 - logs and request artifacts never contain credentials or authorization fields
  ---
  duration_ms: 32.338208
  type: 'test'
  ...
# Subtest: ordinary project-control and progress snapshot paths cannot invoke Kimi
ok 938 - ordinary project-control and progress snapshot paths cannot invoke Kimi
  ---
  duration_ms: 0.853209
  type: 'test'
  ...
# Subtest: K3 v3 config separates resource ceilings from context proof
ok 939 - K3 v3 config separates resource ceilings from context proof
  ---
  duration_ms: 32.09325
  type: 'test'
  ...
# Subtest: K2.7 v1 artifacts remain byte-identical historical evidence
ok 940 - K2.7 v1 artifacts remain byte-identical historical evidence
  ---
  duration_ms: 14.995416
  type: 'test'
  ...
# Subtest: formal v7 orchestration estimates once, proves dual-Schema evidence, then chats once without fallback
ok 941 - formal v7 orchestration estimates once, proves dual-Schema evidence, then chats once without fallback
  ---
  duration_ms: 85.25675
  type: 'test'
  ...
# Subtest: K3 config rejects identity, protocol, limit and fallback drift
ok 942 - K3 config rejects identity, protocol, limit and fallback drift
  ---
  duration_ms: 1.586042
  type: 'test'
  ...
# Subtest: K3 formal request has exactly the fixed single-call fields
ok 943 - K3 formal request has exactly the fixed single-call fields
  ---
  duration_ms: 3.342209
  type: 'test'
  ...
# Subtest: K3 token estimate request contains the exact formal messages only
ok 944 - K3 token estimate request contains the exact formal messages only
  ---
  duration_ms: 1.342292
  type: 'test'
  ...
# Subtest: K3 estimate rejects any mutated formal request contract
ok 945 - K3 estimate rejects any mutated formal request contract
  ---
  duration_ms: 1.414833
  type: 'test'
  ...
# Subtest: K3 material, request and response byte defenses fail closed
ok 946 - K3 material, request and response byte defenses fail closed
  ---
  duration_ms: 83.669541
  type: 'test'
  ...
# Subtest: K3 preflight uses the safe additive context boundary
ok 947 - K3 preflight uses the safe additive context boundary
  ---
  duration_ms: 5.208416
  type: 'test'
  ...
# Subtest: K3 preflight rejects incomplete coverage and every exact binding drift
ok 948 - K3 preflight rejects incomplete coverage and every exact binding drift
  ---
  duration_ms: 1.082375
  type: 'test'
  ...
# Subtest: missing estimate credential fails before a network attempt
ok 949 - missing estimate credential fails before a network attempt
  ---
  duration_ms: 4.672417
  type: 'test'
  ...
# Subtest: token estimate binds exact endpoint, request bytes and response bytes
ok 950 - token estimate binds exact endpoint, request bytes and response bytes
  ---
  duration_ms: 68.960875
  type: 'test'
  ...
# Subtest: invalid token estimate responses fail closed
ok 951 - invalid token estimate responses fail closed
  ---
  duration_ms: 54.691333
  type: 'test'
  ...
# Subtest: credential and balance failures retain their stable classification
ok 952 - credential and balance failures retain their stable classification
  ---
  duration_ms: 3.600375
  type: 'test'
  ...
# Subtest: token estimate evidence is closed, byte-bound and self-hashed
ok 953 - token estimate evidence is closed, byte-bound and self-hashed
  ---
  duration_ms: 58.813583
  type: 'test'
  ...
# Subtest: K3 Chat transport is one-shot, exact-contract and fail closed
ok 954 - K3 Chat transport is one-shot, exact-contract and fail closed
  ---
  duration_ms: 853.016
  type: 'test'
  ...
# Subtest: formal K3 response requires exact model, stop and consistent usage
ok 955 - formal K3 response requires exact model, stop and consistent usage
  ---
  duration_ms: 41.465667
  type: 'test'
  ...
# Subtest: current K3 estimate is captured but Transport and Receipt fail closed
ok 956 - current K3 estimate is captured but Transport and Receipt fail closed
  ---
  duration_ms: 123.806583
  type: 'test'
  ...
# Subtest: core MESSAGES_ONLY evidence is accepted by the evidence layer byte-for-byte
ok 957 - core MESSAGES_ONLY evidence is accepted by the evidence layer byte-for-byte
  ---
  duration_ms: 1.833083
  type: 'test'
  ...
# Subtest: created K3 evidence matches every frozen closed-field Schema
ok 958 - created K3 evidence matches every frozen closed-field Schema
  ---
  duration_ms: 936.445209
  type: 'test'
  ...
# Subtest: K3 transport rejects old-model impersonation, truncation and usage drift
ok 959 - K3 transport rejects old-model impersonation, truncation and usage drift
  ---
  duration_ms: 151.138459
  type: 'test'
  ...
# Subtest: K3 evidence rejects self-hash and exact artifact byte tampering
ok 960 - K3 evidence rejects self-hash and exact artifact byte tampering
  ---
  duration_ms: 122.056458
  type: 'test'
  ...
# Subtest: FULL coverage is rejected rather than self-asserted
ok 961 - FULL coverage is rejected rather than self-asserted
  ---
  duration_ms: 3.314208
  type: 'test'
  ...
# Subtest: arbitrary model content cannot substantiate a CLEAR Receipt
ok 962 - arbitrary model content cannot substantiate a CLEAR Receipt
  ---
  duration_ms: 1.411875
  type: 'test'
  ...
# Subtest: Receipt rejects blocking findings, R/S drift and history impersonation
ok 963 - Receipt rejects blocking findings, R/S drift and history impersonation
  ---
  duration_ms: 4.869875
  type: 'test'
  ...
# Subtest: Receipt self-hash tampering and non-human governance claims fail closed
ok 964 - Receipt self-hash tampering and non-human governance claims fail closed
  ---
  duration_ms: 1.543625
  type: 'test'
  ...
# Subtest: Segment Plan closes four role-based segments over every reviewed path exactly once
ok 965 - Segment Plan closes four role-based segments over every reviewed path exactly once
  ---
  duration_ms: 14.162916
  type: 'test'
  ...
# Subtest: unknown paths, duplicates, source-byte drift, and caller-authored plan changes fail closed
ok 966 - unknown paths, duplicates, source-byte drift, and caller-authored plan changes fail closed
  ---
  duration_ms: 10.759042
  type: 'test'
  ...
# Subtest: each Segment Material contains the same Bundle/common context and full owned bytes
ok 967 - each Segment Material contains the same Bundle/common context and full owned bytes
  ---
  duration_ms: 26.464
  type: 'test'
  ...
# Subtest: all five historical review artifacts are complete governance source bytes, never summary references
ok 968 - all five historical review artifacts are complete governance source bytes, never summary references
  ---
  duration_ms: 9.4035
  type: 'test'
  ...
# Subtest: Segment Receipt binds only its owned paths and cannot claim global clearance
ok 969 - Segment Receipt binds only its owned paths and cannot claim global clearance
  ---
  duration_ms: 697.991125
  type: 'test'
  ...
# Subtest: Integration Material reads validated receipts, exact patch, Bundle relationships, and fixed contracts
ok 970 - Integration Material reads validated receipts, exact patch, Bundle relationships, and fixed contracts
  ---
  duration_ms: 392.973833
  type: 'test'
  ...
# Subtest: Integration Receipt is a fifth model review and cannot claim global clearance
ok 971 - Integration Receipt is a fifth model review and cannot claim global clearance
  ---
  duration_ms: 378.760209
  type: 'test'
  ...
# Subtest: Aggregate is local and deterministic: no reviewer session, transport, model output, or finding rewrite
ok 972 - Aggregate is local and deterministic: no reviewer session, transport, model output, or finding rewrite
  ---
  duration_ms: 966.955459
  type: 'test'
  ...
# Subtest: all segmented-review artifacts pass closed Schemas and unknown fields are rejected
ok 973 - all segmented-review artifacts pass closed Schemas and unknown fields are rejected
  ---
  duration_ms: 671.431916
  type: 'test'
  ...
# Subtest: content segments expose each reviewed Git path exactly once and reject common overlap
ok 974 - content segments expose each reviewed Git path exactly once and reject common overlap
  ---
  duration_ms: 52.727
  type: 'test'
  ...
# Subtest: integration contract set and historical artifact bytes are exact and fail closed
ok 975 - integration contract set and historical artifact bytes are exact and fail closed
  ---
  duration_ms: 2.8105
  type: 'test'
  ...
# Subtest: verified receipt sets snapshot immutable Plan and Receipt bytes
ok 976 - verified receipt sets snapshot immutable Plan and Receipt bytes
  ---
  duration_ms: 302.732958
  type: 'test'
  ...
# Subtest: finding IDs are unique across all model Receipts
ok 977 - finding IDs are unique across all model Receipts
  ---
  duration_ms: 548.556709
  type: 'test'
  ...
# Subtest: repository snapshots bind exact source commit and tree semantics
ok 978 - repository snapshots bind exact source commit and tree semantics
  ---
  duration_ms: 140.100625
  type: 'test'
  ...
# Subtest: frozen Git inventory and four materials ignore dirty worktree bytes
ok 979 - frozen Git inventory and four materials ignore dirty worktree bytes
  ---
  duration_ms: 1181.798208
  type: 'test'
  ...
# Subtest: offline segmented builder exposes no model, credential, network, or governance-write seam
ok 980 - offline segmented builder exposes no model, credential, network, or governance-write seam
  ---
  duration_ms: 1.764334
  type: 'test'
  ...
# Subtest: C14 OpenAPI exposes one closed trusted-workload route
ok 981 - C14 OpenAPI exposes one closed trusted-workload route
  ---
  duration_ms: 0.785083
  type: 'test'
  ...
# Subtest: C14 schemas and routing matrix preserve the P1 boundary
ok 982 - C14 schemas and routing matrix preserve the P1 boundary
  ---
  duration_ms: 0.129041
  type: 'test'
  ...
# Subtest: C14 P1 Synthetic evidence and referenced files are intact
ok 983 - C14 P1 Synthetic evidence and referenced files are intact
  ---
  duration_ms: 9.99825
  type: 'test'
  ...
# Subtest: C14 selects the highest-quality policy-allowed regional model
ok 984 - C14 selects the highest-quality policy-allowed regional model
  ---
  duration_ms: 4.6495
  type: 'test'
  ...
# Subtest: C14 authorization and trusted identity precede Tenant admission and provider use
ok 985 - C14 authorization and trusted identity precede Tenant admission and provider use
  ---
  duration_ms: 1.396375
  type: 'test'
  ...
# Subtest: C14 confidential input stays local and cannot silently fall back to cloud
ok 986 - C14 confidential input stays local and cannot silently fall back to cloud
  ---
  duration_ms: 1.041208
  type: 'test'
  ...
# Subtest: C14 fallback remains inside the already-filtered allowed set
ok 987 - C14 fallback remains inside the already-filtered allowed set
  ---
  duration_ms: 1.302375
  type: 'test'
  ...
# Subtest: C14 local-only exhaustion never invokes a cloud provider
ok 988 - C14 local-only exhaustion never invokes a cloud provider
  ---
  duration_ms: 0.811792
  type: 'test'
  ...
# Subtest: C14 fails before provider use when hard filters leave no model
ok 989 - C14 fails before provider use when hard filters leave no model
  ---
  duration_ms: 0.5325
  type: 'test'
  ...
# Subtest: C14 long-context hard filter runs before invocation
ok 990 - C14 long-context hard filter runs before invocation
  ---
  duration_ms: 0.701958
  type: 'test'
  ...
# Subtest: C14 canary selection is deterministic and still policy-filtered
ok 991 - C14 canary selection is deterministic and still policy-filtered
  ---
  duration_ms: 1.579209
  type: 'test'
  ...
# Subtest: C14 applies the Tenant region hard filter to LOCAL models
ok 992 - C14 applies the Tenant region hard filter to LOCAL models
  ---
  duration_ms: 0.6545
  type: 'test'
  ...
# Subtest: C14 freezes nested catalog models, policies, and tasks
ok 993 - C14 freezes nested catalog models, policies, and tasks
  ---
  duration_ms: 0.386125
  type: 'test'
  ...
# Subtest: C14 reserves the maximum weighted cost across allowed models
ok 994 - C14 reserves the maximum weighted cost across allowed models
  ---
  duration_ms: 0.542834
  type: 'test'
  ...
# Subtest: C14 cost tie-break uses the current task token weights
ok 995 - C14 cost tie-break uses the current task token weights
  ---
  duration_ms: 0.748875
  type: 'test'
  ...
# Subtest: C14 rejects an unsafe calculated cost before provider use
ok 996 - C14 rejects an unsafe calculated cost before provider use
  ---
  duration_ms: 0.58825
  type: 'test'
  ...
# Subtest: C14 cost calculation preserves exact microusd at safe-integer limits
ok 997 - C14 cost calculation preserves exact microusd at safe-integer limits
  ---
  duration_ms: 0.682083
  type: 'test'
  ...
# Subtest: C14 response contains exactly the closed OpenAPI Route fields
ok 998 - C14 response contains exactly the closed OpenAPI Route fields
  ---
  duration_ms: 0.909
  type: 'test'
  ...
# Subtest: C14 retry returns one route and one provider side effect
ok 999 - C14 retry returns one route and one provider side effect
  ---
  duration_ms: 0.629416
  type: 'test'
  ...
# Subtest: C14 idempotency key cannot be reused for another request
ok 1000 - C14 idempotency key cannot be reused for another request
  ---
  duration_ms: 0.568625
  type: 'test'
  ...
# Subtest: C14 fails closed on C05 identity switch and never invokes a provider
ok 1001 - C14 fails closed on C05 identity switch and never invokes a provider
  ---
  duration_ms: 0.293458
  type: 'test'
  ...
# Subtest: C14 rejects a C06 decision bound to another Human
ok 1002 - C14 rejects a C06 decision bound to another Human
  ---
  duration_ms: 0.273875
  type: 'test'
  ...
# Subtest: C14 rejects unknown inputs before provider invocation
ok 1003 - C14 rejects unknown inputs before provider invocation
  ---
  duration_ms: 0.488542
  type: 'test'
  ...
# Subtest: C14 rejects caller-selected provider and data classification fields
ok 1004 - C14 rejects caller-selected provider and data classification fields
  ---
  duration_ms: 0.238042
  type: 'test'
  ...
# Subtest: C14 validates provider receipt binding before persistence
ok 1005 - C14 validates provider receipt binding before persistence
  ---
  duration_ms: 0.385541
  type: 'test'
  ...
# Subtest: C14 rejects provider usage above the frozen reservation
ok 1006 - C14 rejects provider usage above the frozen reservation
  ---
  duration_ms: 0.397542
  type: 'test'
  ...
# Subtest: C14 concurrent quota reservation admits at most one oversized route
ok 1007 - C14 concurrent quota reservation admits at most one oversized route
  ---
  duration_ms: 0.587875
  type: 'test'
  ...
# Subtest: C14 catalog rejects unknown tenant model bindings and duplicate tasks
ok 1008 - C14 catalog rejects unknown tenant model bindings and duplicate tasks
  ---
  duration_ms: 0.371958
  type: 'test'
  ...
# Subtest: C14 catalog digest is deterministic and changes with a policy change
ok 1009 - C14 catalog digest is deterministic and changes with a policy change
  ---
  duration_ms: 0.726541
  type: 'test'
  ...
# Subtest: O02 preparation fixes the complete candidate set without selecting a tool lock
ok 1010 - O02 preparation fixes the complete candidate set without selecting a tool lock
  ---
  duration_ms: 15.638
  type: 'test'
  ...
# Subtest: O02 preparation pins researched releases but keeps every decision deferred
ok 1011 - O02 preparation pins researched releases but keeps every decision deferred
  ---
  duration_ms: 0.926917
  type: 'test'
  ...
# Subtest: O02 preparation binds exact catalog, policy, profile, research and candidate ADR bytes
ok 1012 - O02 preparation binds exact catalog, policy, profile, research and candidate ADR bytes
  ---
  duration_ms: 5.223583
  type: 'test'
  ...
# Subtest: O02 sources stay on exact official roots and the artifact has no governance effect
ok 1013 - O02 sources stay on exact official roots and the artifact has no governance effect
  ---
  duration_ms: 0.872541
  type: 'test'
  ...
# Subtest: O02 preparation self-hash covers the complete closed input
ok 1014 - O02 preparation self-hash covers the complete closed input
  ---
  duration_ms: 2.207208
  type: 'test'
  ...
# Subtest: the OpenFGA distribution lock fixes v1.18.1 Darwin arm64
ok 1015 - the OpenFGA distribution lock fixes v1.18.1 Darwin arm64
  ---
  duration_ms: 4.392084
  type: 'test'
  ...
# Subtest: the runtime port exposes read and check capabilities but no mutation
ok 1016 - the runtime port exposes read and check capabilities but no mutation
  ---
  duration_ms: 0.339542
  type: 'test'
  ...
# Subtest: provisionStore binds one store and publishModel uses that fixed path
ok 1017 - provisionStore binds one store and publishModel uses that fixed path
  ---
  duration_ms: 0.686125
  type: 'test'
  ...
# Subtest: check fixes store, model and higher consistency while preserving Deny
ok 1018 - check fixes store, model and higher consistency while preserving Deny
  ---
  duration_ms: 0.233542
  type: 'test'
  ...
# Subtest: writeTuples fixes store and model and writes one bounded tuple set
ok 1019 - writeTuples fixes store and model and writes one bounded tuple set
  ---
  duration_ms: 0.214416
  type: 'test'
  ...
# Subtest: read-back returns the fixed model and every stored tuple with higher consistency
ok 1020 - read-back returns the fixed model and every stored tuple with higher consistency
  ---
  duration_ms: 0.392334
  type: 'test'
  ...
# Subtest: read-back rejects mismatched models and malformed pagination
ok 1021 - read-back rejects mismatched models and malformed pagination
  ---
  duration_ms: 1.452333
  type: 'test'
  ...
# Subtest: writeTuples rejects empty, oversized and caller-overridden writes
ok 1022 - writeTuples rejects empty, oversized and caller-overridden writes
  ---
  duration_ms: 0.260125
  type: 'test'
  ...
# Subtest: a check without trusted contextual tuples omits them from the request
ok 1023 - a check without trusted contextual tuples omits them from the request
  ---
  duration_ms: 0.192084
  type: 'test'
  ...
# Subtest: check rejects caller store overrides and untrusted contextual tuple fields
ok 1024 - check rejects caller store overrides and untrusted contextual tuple fields
  ---
  duration_ms: 0.182083
  type: 'test'
  ...
# Subtest: timeout and transport failures expose only stable non-secret errors
ok 1025 - timeout and transport failures expose only stable non-secret errors
  ---
  duration_ms: 5.826084
  type: 'test'
  ...
# Subtest: a response body that never completes is also bounded by the timeout
ok 1026 - a response body that never completes is also bounded by the timeout
  ---
  duration_ms: 5.712
  type: 'test'
  ...
# Subtest: HTTP rejection and malformed response bodies are stable and non-secret
ok 1027 - HTTP rejection and malformed response bodies are stable and non-secret
  ---
  duration_ms: 0.699
  type: 'test'
  ...
# Subtest: evaluateProjection runs exactly 30 deterministic five-case fixtures
ok 1028 - evaluateProjection runs exactly 30 deterministic five-case fixtures
  ---
  duration_ms: 9.130583
  type: 'test'
  ...
# Subtest: verifyPolicyRelease reruns and binds the stored report hash
ok 1029 - verifyPolicyRelease reruns and binds the stored report hash
  ---
  duration_ms: 2.07675
  type: 'test'
  ...
# Subtest: principal mapping cannot be supplied by the release candidate
ok 1030 - principal mapping cannot be supplied by the release candidate
  ---
  duration_ms: 0.374
  type: 'test'
  ...
# Subtest: a mismatched PDP response fails closed before a report is produced
ok 1031 - a mismatched PDP response fails closed before a report is produced
  ---
  duration_ms: 0.687917
  type: 'test'
  ...
# Subtest: an extra stored tuple or changed remote model blocks projection
ok 1032 - an extra stored tuple or changed remote model blocks projection
  ---
  duration_ms: 1.539667
  type: 'test'
  ...
# Subtest: P0-B04 hosted evidence freezes the exact positive and negative controls
ok 1033 - P0-B04 hosted evidence freezes the exact positive and negative controls
  ---
  duration_ms: 244.69825
  type: 'test'
  ...
# Subtest: P0-B04 evidence cannot overclaim Secret Scanning, fork coverage, or a merge
ok 1034 - P0-B04 evidence cannot overclaim Secret Scanning, fork coverage, or a merge
  ---
  duration_ms: 0.298708
  type: 'test'
  ...
# Subtest: P0-B04 evidence self-hash rejects a changed hosted result
ok 1035 - P0-B04 evidence self-hash rejects a changed hosted result
  ---
  duration_ms: 226.241916
  type: 'test'
  ...
# Subtest: P0-B04 evidence remains supplemental and cannot change governance state
ok 1036 - P0-B04 evidence remains supplemental and cannot change governance state
  ---
  duration_ms: 0.115
  type: 'test'
  ...
# Subtest: P0-B07 evidence binds the prior pending evidence and exact source freeze
ok 1037 - P0-B07 evidence binds the prior pending evidence and exact source freeze
  ---
  duration_ms: 149.789292
  type: 'test'
  ...
# Subtest: P0-B07 positive control proves six exact-base comparisons and the hosted eight-category suite
ok 1038 - P0-B07 positive control proves six exact-base comparisons and the hosted eight-category suite
  ---
  duration_ms: 0.210292
  type: 'test'
  ...
# Subtest: P0-B07 negative control is one closed unmerged synthetic response-removal canary
ok 1039 - P0-B07 negative control is one closed unmerged synthetic response-removal canary
  ---
  duration_ms: 83.864292
  type: 'test'
  ...
# Subtest: P0-B07 closure remains scoped and creates no governance state
ok 1040 - P0-B07 closure remains scoped and creates no governance state
  ---
  duration_ms: 2.92375
  type: 'test'
  ...
# Subtest: P0-B07 evidence hash fails closed after any semantic tamper
ok 1041 - P0-B07 evidence hash fails closed after any semantic tamper
  ---
  duration_ms: 0.504625
  type: 'test'
  ...
# Subtest: authentication and Product Owner authorization fail closed before D1
    # Subtest: missing identity
    ok 1 - missing identity
      ---
      duration_ms: 14.705041
      type: 'test'
      ...
    # Subtest: Product Owner not configured
    ok 2 - Product Owner not configured
      ---
      duration_ms: 0.936916
      type: 'test'
      ...
    # Subtest: non Product Owner
    ok 3 - non Product Owner
      ---
      duration_ms: 0.777834
      type: 'test'
      ...
    1..3
ok 1042 - authentication and Product Owner authorization fail closed before D1
  ---
  duration_ms: 17.3225
  type: 'test'
  ...
# Subtest: query parameters are rejected without reading D1
ok 1043 - query parameters are rejected without reading D1
  ---
  duration_ms: 0.731875
  type: 'test'
  ...
# Subtest: empty or unavailable D1 fails closed without leaking storage details
    # Subtest: empty D1
    ok 1 - empty D1
      ---
      duration_ms: 0.91575
      type: 'test'
      ...
    # Subtest: D1 read failure
    ok 2 - D1 read failure
      ---
      duration_ms: 0.519167
      type: 'test'
      ...
    1..2
ok 1044 - empty or unavailable D1 fails closed without leaking storage details
  ---
  duration_ms: 1.709
  type: 'test'
  ...
# Subtest: the historical F04 authority predicate rejects missing, ambiguous, or malformed authority
    # Subtest: historical authority missing
    ok 1 - historical authority missing
      ---
      duration_ms: 3.557458
      type: 'test'
      ...
    # Subtest: revision one content is wrong
    ok 2 - revision one content is wrong
      ---
      duration_ms: 3.016375
      type: 'test'
      ...
    # Subtest: historical authority event ID is missing
    ok 3 - historical authority event ID is missing
      ---
      duration_ms: 0.974042
      type: 'test'
      ...
    # Subtest: evidenceRefs are changed
    ok 4 - evidenceRefs are changed
      ---
      duration_ms: 0.706625
      type: 'test'
      ...
    # Subtest: evidenceHashes are changed
    ok 5 - evidenceHashes are changed
      ---
      duration_ms: 1.80375
      type: 'test'
      ...
    # Subtest: commandHash is changed
    ok 6 - commandHash is changed
      ---
      duration_ms: 3.040167
      type: 'test'
      ...
    # Subtest: idempotency binding is changed
    ok 7 - idempotency binding is changed
      ---
      duration_ms: 2.23325
      type: 'test'
      ...
    # Subtest: multiple matching authority events
    ok 8 - multiple matching authority events
      ---
      duration_ms: 3.720542
      type: 'test'
      ...
    # Subtest: changed note with a recomputed commandHash
    ok 9 - changed note with a recomputed commandHash
      ---
      duration_ms: 2.470542
      type: 'test'
      ...
    1..9
ok 1045 - the historical F04 authority predicate rejects missing, ambiguous, or malformed authority
  ---
  duration_ms: 22.793792
  type: 'test'
  ...
# Subtest: the historical G0 anchor rejects scope, actor, and decision provenance drift
    # Subtest: historical Submission scope changed
    ok 1 - historical Submission scope changed
      ---
      duration_ms: 2.09325
      type: 'test'
      ...
    # Subtest: historical Submission actor changed
    ok 2 - historical Submission actor changed
      ---
      duration_ms: 1.391042
      type: 'test'
      ...
    # Subtest: historical Decision exclusions changed
    ok 3 - historical Decision exclusions changed
      ---
      duration_ms: 1.839542
      type: 'test'
      ...
    1..3
ok 1046 - the historical G0 anchor rejects scope, actor, and decision provenance drift
  ---
  duration_ms: 5.815583
  type: 'test'
  ...
# Subtest: the projection rejects journal gaps, duplicate IDs, and missing event time
    # Subtest: revision gap
    ok 1 - revision gap
      ---
      duration_ms: 1.027792
      type: 'test'
      ...
    # Subtest: duplicate event ID
    ok 2 - duplicate event ID
      ---
      duration_ms: 1.556667
      type: 'test'
      ...
    # Subtest: missing event time
    ok 3 - missing event time
      ---
      duration_ms: 1.982375
      type: 'test'
      ...
    1..3
ok 1047 - the projection rejects journal gaps, duplicate IDs, and missing event time
  ---
  duration_ms: 4.966708
  type: 'test'
  ...
# Subtest: the projection rejects inconsistent current G0 Submission and Decision
    # Subtest: different submission IDs
    ok 1 - different submission IDs
      ---
      duration_ms: 3.713625
      type: 'test'
      ...
    # Subtest: different package hashes
    ok 2 - different package hashes
      ---
      duration_ms: 2.469084
      type: 'test'
      ...
    # Subtest: missing submission time
    ok 3 - missing submission time
      ---
      duration_ms: 1.269583
      type: 'test'
      ...
    # Subtest: missing decision time
    ok 4 - missing decision time
      ---
      duration_ms: 1.650458
      type: 'test'
      ...
    1..4
ok 1048 - the projection rejects inconsistent current G0 Submission and Decision
  ---
  duration_ms: 9.675833
  type: 'test'
  ...
# Subtest: the current G0 confirmation rejects actor, idempotency, command, and decision evidence drift
    # Subtest: work-package actor changed
    ok 1 - work-package actor changed
      ---
      duration_ms: 2.508625
      type: 'test'
      ...
    # Subtest: work-package idempotency changed
    ok 2 - work-package idempotency changed
      ---
      duration_ms: 1.75725
      type: 'test'
      ...
    # Subtest: Submission actor changed
    ok 3 - Submission actor changed
      ---
      duration_ms: 2.375
      type: 'test'
      ...
    # Subtest: Submission commandHash changed
    ok 4 - Submission commandHash changed
      ---
      duration_ms: 1.807292
      type: 'test'
      ...
    # Subtest: Decision actor changed
    ok 5 - Decision actor changed
      ---
      duration_ms: 3.188917
      type: 'test'
      ...
    # Subtest: Decision evidence changed
    ok 6 - Decision evidence changed
      ---
      duration_ms: 3.64925
      type: 'test'
      ...
    # Subtest: Decision commandHash changed
    ok 7 - Decision commandHash changed
      ---
      duration_ms: 3.354875
      type: 'test'
      ...
    1..7
ok 1049 - the current G0 confirmation rejects actor, idempotency, command, and decision evidence drift
  ---
  duration_ms: 19.553458
  type: 'test'
  ...
# Subtest: the current G0 confirmation is bound to the server Manifest
ok 1050 - the current G0 confirmation is bound to the server Manifest
  ---
  duration_ms: 2.211333
  type: 'test'
  ...
# Subtest: a valid online ledger returns the closed, privacy-preserving P0-B11 summary
ok 1051 - a valid online ledger returns the closed, privacy-preserving P0-B11 summary
  ---
  duration_ms: 6.484
  type: 'test'
  ...
# Subtest: the response omits raw authority identity, idempotency, notes, and unrelated events
ok 1052 - the response omits raw authority identity, idempotency, notes, and unrelated events
  ---
  duration_ms: 4.087625
  type: 'test'
  ...
# Subtest: the closed schema rejects added fields and unsafe evidence references
ok 1053 - the closed schema rejects added fields and unsafe evidence references
  ---
  duration_ms: 5.09425
  type: 'test'
  ...
# Subtest: GET has no seed, execute, or append capability and the route exports GET only
ok 1054 - GET has no seed, execute, or append capability and the route exports GET only
  ---
  duration_ms: 4.641209
  type: 'test'
  ...
# Subtest: G0 remediation imports and reuses the same historical authority predicate
ok 1055 - G0 remediation imports and reuses the same historical authority predicate
  ---
  duration_ms: 0.76475
  type: 'test'
  ...
# Subtest: adjacent governance HTTP methods and public progress actions remain unchanged
ok 1056 - adjacent governance HTTP methods and public progress actions remain unchanged
  ---
  duration_ms: 0.664042
  type: 'test'
  ...
# Subtest: P0-B11 supplemental evidence closes only the F04-AC07 baseline-freeze gap
ok 1057 - P0-B11 supplemental evidence closes only the F04-AC07 baseline-freeze gap
  ---
  duration_ms: 125.231458
  type: 'test'
  ...
# Subtest: the evidence binds the exact D1 F04 authority and G0 submission/decision chain
ok 1058 - the evidence binds the exact D1 F04 authority and G0 submission/decision chain
  ---
  duration_ms: 0.176292
  type: 'test'
  ...
# Subtest: no-run and zero-tolerance boundaries cannot be widened
ok 1059 - no-run and zero-tolerance boundaries cannot be widened
  ---
  duration_ms: 496.236584
  type: 'test'
  ...
# Subtest: Git, D1 projection, approval, and self-hash tampering fail closed
ok 1060 - Git, D1 projection, approval, and self-hash tampering fail closed
  ---
  duration_ms: 506.921375
  type: 'test'
  ...
# Subtest: the supplemental artifact is evidence-only and leaves governance truth unchanged
ok 1061 - the supplemental artifact is evidence-only and leaves governance truth unchanged
  ---
  duration_ms: 0.321292
  type: 'test'
  ...
# Subtest: F02 and F03 verified evidence and F04 pending-human evidence are intact
ok 1062 - F02 and F03 verified evidence and F04 pending-human evidence are intact
  ---
  duration_ms: 729.969375
  type: 'test'
  ...
# Subtest: the human baseline candidate is pending, complete, and bound to the API hash
ok 1063 - the human baseline candidate is pending, complete, and bound to the API hash
  ---
  duration_ms: 2.086292
  type: 'test'
  ...
# Subtest: the local empty journal cannot inherit P0 verification from the Manifest
ok 1064 - the local empty journal cannot inherit P0 verification from the Manifest
  ---
  duration_ms: 5.712917
  type: 'test'
  ...
# Subtest: P0 becomes READY only after a real immutable G0 approval
ok 1065 - P0 becomes READY only after a real immutable G0 approval
  ---
  duration_ms: 12.142417
  type: 'test'
  ...
# Subtest: a legacy mutable stage_approval label cannot open P1
ok 1066 - a legacy mutable stage_approval label cannot open P1
  ---
  duration_ms: 1.877875
  type: 'test'
  ...
# Subtest: connector credentials or network access block the gate
ok 1067 - connector credentials or network access block the gate
  ---
  duration_ms: 5.892875
  type: 'test'
  ...
# Subtest: enterprise information before P3 is a security block
ok 1068 - enterprise information before P3 is a security block
  ---
  duration_ms: 1.207083
  type: 'test'
  ...
# Subtest: missing Product Owner authority keeps an approved gate closed
ok 1069 - missing Product Owner authority keeps an approved gate closed
  ---
  duration_ms: 3.435583
  type: 'test'
  ...
# git: error: couldn't create cache file '/var/folders/0m/7kln3shx3_11bg256ygsbdph0000gn/T/xcrun_db-wqMXGKYc' (errno=Operation not permitted)
# git: error: couldn't create cache file '/var/folders/0m/7kln3shx3_11bg256ygsbdph0000gn/T/xcrun_db-I9x0OQYp' (errno=Operation not permitted)
# Subtest: P1-B11 capability audit is a closed blocked snapshot, not enforcement evidence
ok 1070 - P1-B11 capability audit is a closed blocked snapshot, not enforcement evidence
  ---
  duration_ms: 3.183958
  type: 'test'
  ...
# Subtest: P1-B11 capability audit binds the exact pre-remediation CODEOWNERS bytes
ok 1071 - P1-B11 capability audit binds the exact pre-remediation CODEOWNERS bytes
  ---
  duration_ms: 20.272875
  type: 'test'
  ...
# Subtest: P1-B11 capability audit records plan and reviewer blockers without secrets
ok 1072 - P1-B11 capability audit records plan and reviewer blockers without secrets
  ---
  duration_ms: 0.18325
  type: 'test'
  ...
# Subtest: P1-B11 capability audit distinguishes observed and pending hosted checks
ok 1073 - P1-B11 capability audit distinguishes observed and pending hosted checks
  ---
  duration_ms: 0.083625
  type: 'test'
  ...
# Subtest: C13 CODEOWNERS uses the repository owner and protects its own policy
ok 1074 - C13 CODEOWNERS uses the repository owner and protects its own policy
  ---
  duration_ms: 0.569292
  type: 'test'
  ...
# Subtest: C13 ruleset candidate is closed, unapplied and has no bypass actors
ok 1075 - C13 ruleset candidate is closed, unapplied and has no bypass actors
  ---
  duration_ms: 0.39
  type: 'test'
  ...
# Subtest: C13 ruleset requires independent review, exact hosted checks and destructive-change protection
ok 1076 - C13 ruleset requires independent review, exact hosted checks and destructive-change protection
  ---
  duration_ms: 184910.76025
  type: 'test'
  ...
# Subtest: C13 candidate preserves external blockers and cannot claim governance effect
ok 1077 - C13 candidate preserves external blockers and cannot claim governance effect
  ---
  duration_ms: 0.705792
  type: 'test'
  ...
# Subtest: P1-B11 research is official-source bounded and does not claim remote enforcement
ok 1078 - P1-B11 research is official-source bounded and does not claim remote enforcement
  ---
  duration_ms: 0.080584
  type: 'test'
  ...
# git: error: couldn't create cache file '/var/folders/0m/7kln3shx3_11bg256ygsbdph0000gn/T/xcrun_db-I7JR9lwp' (errno=Operation not permitted)
# git: error: couldn't create cache file '/var/folders/0m/7kln3shx3_11bg256ygsbdph0000gn/T/xcrun_db-kxEw4a4d' (errno=Operation not permitted)
# git: error: couldn't create cache file '/var/folders/0m/7kln3shx3_11bg256ygsbdph0000gn/T/xcrun_db-31qZi0Gi' (errno=Operation not permitted)
# git: error: couldn't create cache file '/var/folders/0m/7kln3shx3_11bg256ygsbdph0000gn/T/xcrun_db-sxyJl8IE' (errno=Operation not permitted)
# git: error: couldn't create cache file '/var/folders/0m/7kln3shx3_11bg256ygsbdph0000gn/T/xcrun_db-H3xr4cBz' (errno=Operation not permitted)
# git: error: couldn't create cache file '/var/folders/0m/7kln3shx3_11bg256ygsbdph0000gn/T/xcrun_db-XS9icDxu' (errno=Operation not permitted)
# git: error: couldn't create cache file '/var/folders/0m/7kln3shx3_11bg256ygsbdph0000gn/T/xcrun_db-xUsNraq0' (errno=Operation not permitted)
# git: error: couldn't create cache file '/var/folders/0m/7kln3shx3_11bg256ygsbdph0000gn/T/xcrun_db-YFb9EIdk' (errno=Operation not permitted)
# git: error: couldn't create cache file '/var/folders/0m/7kln3shx3_11bg256ygsbdph0000gn/T/xcrun_db-2QgHEIEM' (errno=Operation not permitted)
# git: error: couldn't create cache file '/var/folders/0m/7kln3shx3_11bg256ygsbdph0000gn/T/xcrun_db-2wHVr26H' (errno=Operation not permitted)
# git: error: couldn't create cache file '/var/folders/0m/7kln3shx3_11bg256ygsbdph0000gn/T/xcrun_db-kXWUQWfJ' (errno=Operation not permitted)
# git: error: couldn't create cache file '/var/folders/0m/7kln3shx3_11bg256ygsbdph0000gn/T/xcrun_db-z2VzGinI' (errno=Operation not permitted)
# git: error: couldn't create cache file '/var/folders/0m/7kln3shx3_11bg256ygsbdph0000gn/T/xcrun_db-lfiqQL70' (errno=Operation not permitted)
# git: error: couldn't create cache file '/var/folders/0m/7kln3shx3_11bg256ygsbdph0000gn/T/xcrun_db-NM2QjqQw' (errno=Operation not permitted)
# git: error: couldn't create cache file '/var/folders/0m/7kln3shx3_11bg256ygsbdph0000gn/T/xcrun_db-b3vlmQK0' (errno=Operation not permitted)
# git: error: couldn't create cache file '/var/folders/0m/7kln3shx3_11bg256ygsbdph0000gn/T/xcrun_db-Jm9od0Ao' (errno=Operation not permitted)
# git: error: couldn't create cache file '/var/folders/0m/7kln3shx3_11bg256ygsbdph0000gn/T/xcrun_db-f3AtLb28' (errno=Operation not permitted)
# git: error: couldn't create cache file '/var/folders/0m/7kln3shx3_11bg256ygsbdph0000gn/T/xcrun_db-zcy0Jehw' (errno=Operation not permitted)
# git: error: couldn't create cache file '/var/folders/0m/7kln3shx3_11bg256ygsbdph0000gn/T/xcrun_db-PQnfiEEu' (errno=Operation not permitted)
# git: error: couldn't create cache file '/var/folders/0m/7kln3shx3_11bg256ygsbdph0000gn/T/xcrun_db-vyLzqUoX' (errno=Operation not permitted)
# git: error: couldn't create cache file '/var/folders/0m/7kln3shx3_11bg256ygsbdph0000gn/T/xcrun_db-0eOKfDD7' (errno=Operation not permitted)
# git: error: couldn't create cache file '/var/folders/0m/7kln3shx3_11bg256ygsbdph0000gn/T/xcrun_db-XVK4bpHY' (errno=Operation not permitted)
# git: error: couldn't create cache file '/var/folders/0m/7kln3shx3_11bg256ygsbdph0000gn/T/xcrun_db-wtaxGTk5' (errno=Operation not permitted)
# git: error: couldn't create cache file '/var/folders/0m/7kln3shx3_11bg256ygsbdph0000gn/T/xcrun_db-mG9ckmbI' (errno=Operation not permitted)
# git: error: couldn't create cache file '/var/folders/0m/7kln3shx3_11bg256ygsbdph0000gn/T/xcrun_db-NepbxeJK' (errno=Operation not permitted)
# git: error: couldn't create cache file '/var/folders/0m/7kln3shx3_11bg256ygsbdph0000gn/T/xcrun_db-qzrPuDMk' (errno=Operation not permitted)
# git: error: couldn't create cache file '/var/folders/0m/7kln3shx3_11bg256ygsbdph0000gn/T/xcrun_db-qoDLiO4q' (errno=Operation not permitted)
# git: error: couldn't create cache file '/var/folders/0m/7kln3shx3_11bg256ygsbdph0000gn/T/xcrun_db-V3pT5Jgb' (errno=Operation not permitted)
# git: error: couldn't create cache file '/var/folders/0m/7kln3shx3_11bg256ygsbdph0000gn/T/xcrun_db-9bPTk71x' (errno=Operation not permitted)
# git: error: couldn't create cache file '/var/folders/0m/7kln3shx3_11bg256ygsbdph0000gn/T/xcrun_db-NEzsCm9s' (errno=Operation not permitted)
# git: error: couldn't create cache file '/var/folders/0m/7kln3shx3_11bg256ygsbdph0000gn/T/xcrun_db-HnUjAhP9' (errno=Operation not permitted)
# git: error: couldn't create cache file '/var/folders/0m/7kln3shx3_11bg256ygsbdph0000gn/T/xcrun_db-RW7xBprX' (errno=Operation not permitted)
# git: error: couldn't create cache file '/var/folders/0m/7kln3shx3_11bg256ygsbdph0000gn/T/xcrun_db-CDvLkQir' (errno=Operation not permitted)
# git: error: couldn't create cache file '/var/folders/0m/7kln3shx3_11bg256ygsbdph0000gn/T/xcrun_db-4kG1X16D' (errno=Operation not permitted)
# git: error: couldn't create cache file '/var/folders/0m/7kln3shx3_11bg256ygsbdph0000gn/T/xcrun_db-ili7CT96' (errno=Operation not permitted)
# git: error: couldn't create cache file '/var/folders/0m/7kln3shx3_11bg256ygsbdph0000gn/T/xcrun_db-U4HqSVj0' (errno=Operation not permitted)
# git: error: couldn't create cache file '/var/folders/0m/7kln3shx3_11bg256ygsbdph0000gn/T/xcrun_db-4BMnU2PI' (errno=Operation not permitted)
# git: error: couldn't create cache file '/var/folders/0m/7kln3shx3_11bg256ygsbdph0000gn/T/xcrun_db-QRKVld8K' (errno=Operation not permitted)
# git: error: couldn't create cache file '/var/folders/0m/7kln3shx3_11bg256ygsbdph0000gn/T/xcrun_db-oCwCgnjq' (errno=Operation not permitted)
# git: error: couldn't create cache file '/var/folders/0m/7kln3shx3_11bg256ygsbdph0000gn/T/xcrun_db-9WLQvolF' (errno=Operation not permitted)
# git: error: couldn't create cache file '/var/folders/0m/7kln3shx3_11bg256ygsbdph0000gn/T/xcrun_db-Gg9dH1TA' (errno=Operation not permitted)
# git: error: couldn't create cache file '/var/folders/0m/7kln3shx3_11bg256ygsbdph0000gn/T/xcrun_db-IsodI5rZ' (errno=Operation not permitted)
# git: error: couldn't create cache file '/var/folders/0m/7kln3shx3_11bg256ygsbdph0000gn/T/xcrun_db-IvnZ8XvY' (errno=Operation not permitted)
# git: error: couldn't create cache file '/var/folders/0m/7kln3shx3_11bg256ygsbdph0000gn/T/xcrun_db-L04sDPMN' (errno=Operation not permitted)
# git: error: couldn't create cache file '/var/folders/0m/7kln3shx3_11bg256ygsbdph0000gn/T/xcrun_db-mn6h4xz2' (errno=Operation not permitted)
# git: error: couldn't create cache file '/var/folders/0m/7kln3shx3_11bg256ygsbdph0000gn/T/xcrun_db-iYsoqGuj' (errno=Operation not permitted)
# git: error: couldn't create cache file '/var/folders/0m/7kln3shx3_11bg256ygsbdph0000gn/T/xcrun_db-EGhglF8M' (errno=Operation not permitted)
# git: error: couldn't create cache file '/var/folders/0m/7kln3shx3_11bg256ygsbdph0000gn/T/xcrun_db-YNiSWbVq' (errno=Operation not permitted)
# git: error: couldn't create cache file '/var/folders/0m/7kln3shx3_11bg256ygsbdph0000gn/T/xcrun_db-jwuPsDQg' (errno=Operation not permitted)
# git: error: couldn't create cache file '/var/folders/0m/7kln3shx3_11bg256ygsbdph0000gn/T/xcrun_db-WOEkKRac' (errno=Operation not permitted)
# git: error: couldn't create cache file '/var/folders/0m/7kln3shx3_11bg256ygsbdph0000gn/T/xcrun_db-xGGE1Tor' (errno=Operation not permitted)
# git: error: couldn't create cache file '/var/folders/0m/7kln3shx3_11bg256ygsbdph0000gn/T/xcrun_db-A8cm243T' (errno=Operation not permitted)
# git: error: couldn't create cache file '/var/folders/0m/7kln3shx3_11bg256ygsbdph0000gn/T/xcrun_db-WepA14Tl' (errno=Operation not permitted)
# git: error: couldn't create cache file '/var/folders/0m/7kln3shx3_11bg256ygsbdph0000gn/T/xcrun_db-1J2ErQd4' (errno=Operation not permitted)
# git: error: couldn't create cache file '/var/folders/0m/7kln3shx3_11bg256ygsbdph0000gn/T/xcrun_db-XZ6LdvAd' (errno=Operation not permitted)
# git: error: couldn't create cache file '/var/folders/0m/7kln3shx3_11bg256ygsbdph0000gn/T/xcrun_db-blC1zG7n' (errno=Operation not permitted)
# git: error: couldn't create cache file '/var/folders/0m/7kln3shx3_11bg256ygsbdph0000gn/T/xcrun_db-CGIF5ytP' (errno=Operation not permitted)
# git: error: couldn't create cache file '/var/folders/0m/7kln3shx3_11bg256ygsbdph0000gn/T/xcrun_db-PU7cLsMq' (errno=Operation not permitted)
# git: error: couldn't create cache file '/var/folders/0m/7kln3shx3_11bg256ygsbdph0000gn/T/xcrun_db-4Icr9cmh' (errno=Operation not permitted)
# git: error: couldn't create cache file '/var/folders/0m/7kln3shx3_11bg256ygsbdph0000gn/T/xcrun_db-LsGmRWsj' (errno=Operation not permitted)
# git: error: couldn't create cache file '/var/folders/0m/7kln3shx3_11bg256ygsbdph0000gn/T/xcrun_db-YzkDsazf' (errno=Operation not permitted)
# git: error: couldn't create cache file '/var/folders/0m/7kln3shx3_11bg256ygsbdph0000gn/T/xcrun_db-dqogudrD' (errno=Operation not permitted)
# git: error: couldn't create cache file '/var/folders/0m/7kln3shx3_11bg256ygsbdph0000gn/T/xcrun_db-OxK4t3wN' (errno=Operation not permitted)
# git: error: couldn't create cache file '/var/folders/0m/7kln3shx3_11bg256ygsbdph0000gn/T/xcrun_db-1uijtGXM' (errno=Operation not permitted)
# git: error: couldn't create cache file '/var/folders/0m/7kln3shx3_11bg256ygsbdph0000gn/T/xcrun_db-pKIkqhIO' (errno=Operation not permitted)
# git: error: couldn't create cache file '/var/folders/0m/7kln3shx3_11bg256ygsbdph0000gn/T/xcrun_db-0wnLnXr7' (errno=Operation not permitted)
# Subtest: P1-B11 preparation evidence binds the exact source commit and artifacts
ok 1079 - P1-B11 preparation evidence binds the exact source commit and artifacts
  ---
  duration_ms: 500.405875
  type: 'test'
  ...
# Subtest: hosted evidence is exact but cannot masquerade as protected independent review
ok 1080 - hosted evidence is exact but cannot masquerade as protected independent review
  ---
  duration_ms: 0.268083
  type: 'test'
  ...
# Subtest: ruleset, reviewer, merge-denial, or completion overclaims fail closed
ok 1081 - ruleset, reviewer, merge-denial, or completion overclaims fail closed
  ---
  duration_ms: 21.69025
  type: 'test'
  ...
# git: error: couldn't create cache file '/var/folders/0m/7kln3shx3_11bg256ygsbdph0000gn/T/xcrun_db-S69Z7j02' (errno=Operation not permitted)
# git: error: couldn't create cache file '/var/folders/0m/7kln3shx3_11bg256ygsbdph0000gn/T/xcrun_db-Yk324qfN' (errno=Operation not permitted)
# Subtest: self-hash and frozen source bytes fail closed on tampering
ok 1082 - self-hash and frozen source bytes fail closed on tampering
  ---
  duration_ms: 20.637875
  type: 'test'
  ...
# Subtest: unknown nested fields and sensitive material fail closed
ok 1083 - unknown nested fields and sensitive material fail closed
  ---
  duration_ms: 10.812125
  type: 'test'
  ...
# Subtest: late P1 module evidence is source-bound and Synthetic-only
ok 1084 - late P1 module evidence is source-bound and Synthetic-only
  ---
  duration_ms: 1417.96925
  type: 'test'
  ...
# Subtest: v2 Candidate preserves all P2 criteria without becoming status or start authority
ok 1085 - v2 Candidate preserves all P2 criteria without becoming status or start authority
  ---
  duration_ms: 0.949584
  type: 'test'
  ...
# Subtest: v2 Candidate records a real UTC time and a Git-bound baseline recipe
ok 1086 - v2 Candidate records a real UTC time and a Git-bound baseline recipe
  ---
  duration_ms: 0.268042
  type: 'test'
  ...
# Subtest: v2 Candidate defines the non-circular digest and conditional applicability policies
ok 1087 - v2 Candidate defines the non-circular digest and conditional applicability policies
  ---
  duration_ms: 0.13025
  type: 'test'
  ...
# Subtest: v2 Candidate fixes the append-only D1 event and rejection contracts
ok 1088 - v2 Candidate fixes the append-only D1 event and rejection contracts
  ---
  duration_ms: 0.075792
  type: 'test'
  ...
# Subtest: v2 Candidate records reference adoption boundaries and leaves history immutable
ok 1089 - v2 Candidate records reference adoption boundaries and leaves history immutable
  ---
  duration_ms: 29.546541
  type: 'test'
  ...
# Subtest: P2 profile declares all 91 matrix criteria without becoming progress authority
ok 1090 - P2 profile declares all 91 matrix criteria without becoming progress authority
  ---
  duration_ms: 2.246084
  type: 'test'
  ...
# Subtest: P2 profile freezes cross-stage semantics, thresholds and receipt schema
ok 1091 - P2 profile freezes cross-stage semantics, thresholds and receipt schema
  ---
  duration_ms: 30.552417
  type: 'test'
  ...
# Subtest: P2 profile is hash-bound but explicitly blocks O02 and O03 start
ok 1092 - P2 profile is hash-bound but explicitly blocks O02 and O03 start
  ---
  duration_ms: 2.519209
  type: 'test'
  ...
# Subtest: v2 Receipt Schema compiles in strict Ajv 2020-12 mode
ok 1093 - v2 Receipt Schema compiles in strict Ajv 2020-12 mode
  ---
  duration_ms: 2.008541
  type: 'test'
  ...
# Subtest: v2 Receipt Schema rejects structurally false PASS decisions
ok 1094 - v2 Receipt Schema rejects structurally false PASS decisions
  ---
  duration_ms: 0.427042
  type: 'test'
  ...
# Subtest: P2 digest chain has no Profile, evidence, release or Receipt cycle
ok 1095 - P2 digest chain has no Profile, evidence, release or Receipt cycle
  ---
  duration_ms: 1.198792
  type: 'test'
  ...
# Subtest: semantic validator accepts a fully bound PASS and rejects a self-reported false PASS
ok 1096 - semantic validator accepts a fully bound PASS and rejects a self-reported false PASS
  ---
  duration_ms: 1.719625
  type: 'test'
  ...
# Subtest: semantic validator reproduces the execution baseline and artifact manifest digests
ok 1097 - semantic validator reproduces the execution baseline and artifact manifest digests
  ---
  duration_ms: 1.031208
  type: 'test'
  ...
# Subtest: semantic validator trusts only the digest-verified evidence index bytes
ok 1098 - semantic validator trusts only the digest-verified evidence index bytes
  ---
  duration_ms: 0.532541
  type: 'test'
  ...
# Subtest: Receipt content cannot be relabelled as evidence or another release artifact
ok 1099 - Receipt content cannot be relabelled as evidence or another release artifact
  ---
  duration_ms: 1.863583
  type: 'test'
  ...
# Subtest: semantic validator rejects time, Profile, Release, Owner, reviewer and Git integrity mismatches
ok 1100 - semantic validator rejects time, Profile, Release, Owner, reviewer and Git integrity mismatches
  ---
  duration_ms: 2.670042
  type: 'test'
  ...
# Subtest: semantic validator rejects hidden zero-tolerance findings and incomplete attempt denominators
ok 1101 - semantic validator rejects hidden zero-tolerance findings and incomplete attempt denominators
  ---
  duration_ms: 0.591291
  type: 'test'
  ...
# Subtest: a single-implementer Receipt remains truthfully INCONCLUSIVE
ok 1102 - a single-implementer Receipt remains truthfully INCONCLUSIVE
  ---
  duration_ms: 0.249333
  type: 'test'
  ...
# Subtest: the Product Owner cannot substitute their approval for independent review
ok 1103 - the Product Owner cannot substitute their approval for independent review
  ---
  duration_ms: 0.223
  type: 'test'
  ...
# Subtest: NOT_APPLICABLE is limited to a frozen false conditional predicate
ok 1104 - NOT_APPLICABLE is limited to a frozen false conditional predicate
  ---
  duration_ms: 1.240208
  type: 'test'
  ...
# Subtest: execution baseline verification reads every subject from one real Git commit
ok 1105 - execution baseline verification reads every subject from one real Git commit
  ---
  duration_ms: 380.018167
  type: 'test'
  ...
# Subtest: a nonexistent source commit, including all ones, cannot verify
ok 1106 - a nonexistent source commit, including all ones, cannot verify
  ---
  duration_ms: 137.622041
  type: 'test'
  ...
# Subtest: Git control environment cannot redirect verification to another repository
ok 1107 - Git control environment cannot redirect verification to another repository
  ---
  duration_ms: 259.937417
  type: 'test'
  ...
# Subtest: ambient PATH cannot replace the trusted Git executable
ok 1108 - ambient PATH cannot replace the trusted Git executable
  ---
  duration_ms: 147.26825
  type: 'test'
  ...
# Subtest: an annotated tag object cannot impersonate a source commit
ok 1109 - an annotated tag object cannot impersonate a source commit
  ---
  duration_ms: 189.472583
  type: 'test'
  ...
# Subtest: an execution baseline cannot cite a path absent from its source commit
ok 1110 - an execution baseline cannot cite a path absent from its source commit
  ---
  duration_ms: 209.240458
  type: 'test'
  ...
# Subtest: a recipe hash cannot replace the exact bytes stored in its source commit
ok 1111 - a recipe hash cannot replace the exact bytes stored in its source commit
  ---
  duration_ms: 176.239625
  type: 'test'
  ...
# Subtest: modified working-tree files cannot impersonate source-commit bytes
ok 1112 - modified working-tree files cannot impersonate source-commit bytes
  ---
  duration_ms: 149.043625
  type: 'test'
  ...
# Subtest: a Profile recorded after its source commit cannot verify
ok 1113 - a Profile recorded after its source commit cannot verify
  ---
  duration_ms: 157.258292
  type: 'test'
  ...
# Subtest: the Git recipe itself is read from its deterministic source-commit path
ok 1114 - the Git recipe itself is read from its deterministic source-commit path
  ---
  duration_ms: 108.878625
  type: 'test'
  ...
# Subtest: the repository Final Profile verifies only after its exact recipe is Git frozen
ok 1115 - the repository Final Profile verifies only after its exact recipe is Git frozen
  ---
  duration_ms: 333.55525
  type: 'test'
  ...
# Subtest: final v2 Profile evidence is ready for a future D1 Profile Approval while preserving the approval boundary
ok 1116 - final v2 Profile evidence is ready for a future D1 Profile Approval while preserving the approval boundary
  ---
  duration_ms: 2.074834
  type: 'test'
  ...
# Subtest: Profile readiness accepts a matching Git-frozen binding only after every hard blocker is closed
ok 1117 - Profile readiness accepts a matching Git-frozen binding only after every hard blocker is closed
  ---
  duration_ms: 0.469833
  type: 'test'
  ...
# Subtest: Profile readiness rejects changed Supplemental Index content behind the same declared raw hash
ok 1118 - Profile readiness rejects changed Supplemental Index content behind the same declared raw hash
  ---
  duration_ms: 0.405625
  type: 'test'
  ...
# Subtest: Profile readiness rejects any unresolved external blocker, not only the four currently pending groups
ok 1119 - Profile readiness rejects any unresolved external blocker, not only the four currently pending groups
  ---
  duration_ms: 0.728125
  type: 'test'
  ...
# Subtest: Profile readiness rejects Profile, Supplemental Index, source and execution-baseline binding drift
ok 1120 - Profile readiness rejects Profile, Supplemental Index, source and execution-baseline binding drift
  ---
  duration_ms: 0.27125
  type: 'test'
  ...
# Subtest: governance lifecycle terms distinguish Git preparation, D1 approval, authorization, execution and verification
ok 1121 - governance lifecycle terms distinguish Git preparation, D1 approval, authorization, execution and verification
  ---
  duration_ms: 0.093209
  type: 'test'
  ...
# Subtest: the minimal server readiness view exactly matches the frozen Candidate fields it enforces
ok 1122 - the minimal server readiness view exactly matches the frozen Candidate fields it enforces
  ---
  duration_ms: 0.105375
  type: 'test'
  ...
# Subtest: current v2 Candidate denies O02 and O03 start readiness while their tool locks remain unselected
ok 1123 - current v2 Candidate denies O02 and O03 start readiness while their tool locks remain unselected
  ---
  duration_ms: 7.146666
  type: 'test'
  ...
# Subtest: O02 and O03 each accept only their own complete selected, versioned and digested tool locks
ok 1124 - O02 and O03 each accept only their own complete selected, versioned and digested tool locks
  ---
  duration_ms: 1.259083
  type: 'test'
  ...
# Subtest: start readiness fails closed on profile, source, baseline or tool-lock binding drift
ok 1125 - start readiness fails closed on profile, source, baseline or tool-lock binding drift
  ---
  duration_ms: 0.746375
  type: 'test'
  ...
# Subtest: Profile backfill preparation fixes the exact retrospective reference set
ok 1126 - Profile backfill preparation fixes the exact retrospective reference set
  ---
  duration_ms: 329.443083
  type: 'test'
  ...
# Subtest: each proposed ADOPT is pinned to exact existing P1 bytes and remains non-production
ok 1127 - each proposed ADOPT is pinned to exact existing P1 bytes and remains non-production
  ---
  duration_ms: 117.08525
  type: 'test'
  ...
# Subtest: every implementation binding is frozen before the inspected source and every source is official
ok 1128 - every implementation binding is frozen before the inspected source and every source is official
  ---
  duration_ms: 251.269083
  type: 'test'
  ...
# Subtest: the preparation binds official research and a candidate ADR without claiming a Receipt
ok 1129 - the preparation binds official research and a candidate ADR without claiming a Receipt
  ---
  duration_ms: 3.397042
  type: 'test'
  ...
# Subtest: the preparation is self-hashed and cannot authorize governance
ok 1130 - the preparation is self-hashed and cannot authorize governance
  ---
  duration_ms: 1.26525
  type: 'test'
  ...
# Subtest: P2 readiness requires an authenticated Product Owner identity
ok 1131 - P2 readiness requires an authenticated Product Owner identity
  ---
  duration_ms: 14.878708
  type: 'test'
  ...
# Subtest: P2 readiness fails closed when the Product Owner is not configured
ok 1132 - P2 readiness fails closed when the Product Owner is not configured
  ---
  duration_ms: 3.949417
  type: 'test'
  ...
# Subtest: P2 readiness rejects a non-Product Owner identity
ok 1133 - P2 readiness rejects a non-Product Owner identity
  ---
  duration_ms: 0.73025
  type: 'test'
  ...
# Subtest: all readiness responses bind evidence headers to their exact UTF-8 bytes
    # Subtest: 200 online projection
    ok 1 - 200 online projection
      ---
      duration_ms: 7.101625
      type: 'test'
      ...
    # Subtest: 401 unauthenticated
    ok 2 - 401 unauthenticated
      ---
      duration_ms: 0.885291
      type: 'test'
      ...
    # Subtest: 403 non-Product Owner
    ok 3 - 403 non-Product Owner
      ---
      duration_ms: 1.466917
      type: 'test'
      ...
    # Subtest: 503 Product Owner not configured
    ok 4 - 503 Product Owner not configured
      ---
      duration_ms: 0.610042
      type: 'test'
      ...
    # Subtest: 503 online D1 unavailable
    ok 5 - 503 online D1 unavailable
      ---
      duration_ms: 0.643833
      type: 'test'
      ...
    1..5
ok 1134 - all readiness responses bind evidence headers to their exact UTF-8 bytes
  ---
  duration_ms: 11.51175
  type: 'test'
  ...
# Subtest: P2 readiness serializes the response body exactly once
ok 1135 - P2 readiness serializes the response body exactly once
  ---
  duration_ms: 1.175875
  type: 'test'
  ...
# Subtest: an empty online ledger does not inherit work-package status from the Manifest
ok 1136 - an empty online ledger does not inherit work-package status from the Manifest
  ---
  duration_ms: 0.94
  type: 'test'
  ...
# Subtest: revision and G0/G1 decisions come from the journal-backed Project Control projection
ok 1137 - revision and G0/G1 decisions come from the journal-backed Project Control projection
  ---
  duration_ms: 3.926792
  type: 'test'
  ...
# Subtest: a valid Profile event and O02 authorization expose only their fixed summaries
ok 1138 - a valid Profile event and O02 authorization expose only their fixed summaries
  ---
  duration_ms: 2.252375
  type: 'test'
  ...
# Subtest: Profile Approval is visible without implying either work-package start authorization
ok 1139 - Profile Approval is visible without implying either work-package start authorization
  ---
  duration_ms: 1.627542
  type: 'test'
  ...
# Subtest: a D1 read failure returns one stable fail-closed response
ok 1140 - a D1 read failure returns one stable fail-closed response
  ---
  duration_ms: 0.435375
  type: 'test'
  ...
# Subtest: GET never calls journal.append
ok 1141 - GET never calls journal.append
  ---
  duration_ms: 0.92475
  type: 'test'
  ...
# Subtest: O03 authorization cannot impersonate O02 authorization
ok 1142 - O03 authorization cannot impersonate O02 authorization
  ---
  duration_ms: 2.707125
  type: 'test'
  ...
# Subtest: the fixed projection excludes sensitive ledger content and user email
ok 1143 - the fixed projection excludes sensitive ledger content and user email
  ---
  duration_ms: 7.195917
  type: 'test'
  ...
# Subtest: the serialized projection remains below 16 KiB for an oversized ledger identifier
ok 1144 - the serialized projection remains below 16 KiB for an oversized ledger identifier
  ---
  duration_ms: 3.276209
  type: 'test'
  ...
# Subtest: an invalid unbounded Gate decision fails closed without leaking ledger content
ok 1145 - an invalid unbounded Gate decision fails closed without leaking ledger content
  ---
  duration_ms: 2.349917
  type: 'test'
  ...
# Subtest: an invalid unbounded work-package status fails closed without leaking ledger content
ok 1146 - an invalid unbounded work-package status fails closed without leaking ledger content
  ---
  duration_ms: 2.253083
  type: 'test'
  ...
# Subtest: caller query fields cannot override the online ledger projection
ok 1147 - caller query fields cannot override the online ledger projection
  ---
  duration_ms: 1.350834
  type: 'test'
  ...
# Subtest: the production route exposes only the read-only D1-backed GET
ok 1148 - the production route exposes only the read-only D1-backed GET
  ---
  duration_ms: 0.732416
  type: 'test'
  ...
# Subtest: fixed P2 D1 event payloads compile and forbid finalReleaseDigest
ok 1149 - fixed P2 D1 event payloads compile and forbid finalReleaseDigest
  ---
  duration_ms: 1.751667
  type: 'test'
  ...
# Subtest: O02 and O03 deny by default while unrelated work packages need no P2 authorization
ok 1150 - O02 and O03 deny by default while unrelated work packages need no P2 authorization
  ---
  duration_ms: 0.664791
  type: 'test'
  ...
# Subtest: only an exact current Profile and execution-baseline authorization permits start
ok 1151 - only an exact current Profile and execution-baseline authorization permits start
  ---
  duration_ms: 0.363083
  type: 'test'
  ...
# Subtest: a start authorization cannot cite a Profile approved at a later revision
ok 1152 - a start authorization cannot cite a Profile approved at a later revision
  ---
  duration_ms: 0.093416
  type: 'test'
  ...
# Subtest: duplicate Profile approval identity cannot splice an earlier and future approval
ok 1153 - duplicate Profile approval identity cannot splice an earlier and future approval
  ---
  duration_ms: 0.131541
  type: 'test'
  ...
# Subtest: duplicate ledger revision or event identity fails closed
ok 1154 - duplicate ledger revision or event identity fails closed
  ---
  duration_ms: 0.117709
  type: 'test'
  ...
# Subtest: a gap in the full D1 revision sequence fails closed
ok 1155 - a gap in the full D1 revision sequence fails closed
  ---
  duration_ms: 0.073417
  type: 'test'
  ...
# Subtest: a revocation cannot cite an authorization from another work package
ok 1156 - a revocation cannot cite an authorization from another work package
  ---
  duration_ms: 0.099541
  type: 'test'
  ...
# Subtest: a revoked authorization identity cannot be reused
ok 1157 - a revoked authorization identity cannot be reused
  ---
  duration_ms: 0.120917
  type: 'test'
  ...
# Subtest: latest revocation, malformed event or superseding Profile fails closed
ok 1158 - latest revocation, malformed event or superseding Profile fails closed
  ---
  duration_ms: 0.295583
  type: 'test'
  ...
# Subtest: the three frozen engineering verifiers do not approve the Profile or mutate governance state
ok 1159 - the three frozen engineering verifiers do not approve the Profile or mutate governance state
  ---
  duration_ms: 121.742959
  type: 'test'
  ...
# Subtest: a complete server-owned Reference Review proof reaches the existing Profile checks
ok 1160 - a complete server-owned Reference Review proof reaches the existing Profile checks
  ---
  duration_ms: 2.364666
  type: 'test'
  ...
# Subtest: O02 Start Authorization fails closed when Reference Review readiness is not proved
ok 1161 - O02 Start Authorization fails closed when Reference Review readiness is not proved
  ---
  duration_ms: 1.699
  type: 'test'
  ...
# Subtest: caller-supplied Reference Review readiness or raw Receipts are rejected
ok 1162 - caller-supplied Reference Review readiness or raw Receipts are rejected
  ---
  duration_ms: 1.23975
  type: 'test'
  ...
# Subtest: project-control keeps structural readiness separate and rejects direct O02 start without D1 authorization
ok 1163 - project-control keeps structural readiness separate and rejects direct O02 start without D1 authorization
  ---
  duration_ms: 1.799083
  type: 'test'
  ...
# Subtest: project-control accepts exact authorization but never lets O03 bypass O02
ok 1164 - project-control accepts exact authorization but never lets O03 bypass O02
  ---
  duration_ms: 2.147833
  type: 'test'
  ...
# Subtest: project-control appends the fixed Profile approval contract with CAS and exact idempotency
ok 1165 - project-control appends the fixed Profile approval contract with CAS and exact idempotency
  ---
  duration_ms: 2.713125
  type: 'test'
  ...
# Subtest: project-control rejects a Profile approval without a reproduced execution baseline
ok 1166 - project-control rejects a Profile approval without a reproduced execution baseline
  ---
  duration_ms: 1.551917
  type: 'test'
  ...
# Subtest: project-control fails closed before Profile Approval when readiness is not proved
ok 1167 - project-control fails closed before Profile Approval when readiness is not proved
  ---
  duration_ms: 1.484542
  type: 'test'
  ...
# Subtest: project-control fails closed before O02 authorization when start readiness is not proved
ok 1168 - project-control fails closed before O02 authorization when start readiness is not proved
  ---
  duration_ms: 3.553459
  type: 'test'
  ...
# Subtest: O03 dependency rejection precedes the start-readiness verifier and appends nothing
ok 1169 - O03 dependency rejection precedes the start-readiness verifier and appends nothing
  ---
  duration_ms: 1.05325
  type: 'test'
  ...
# Subtest: Profile supersession invalidates the old start-readiness binding before authorization
ok 1170 - Profile supersession invalidates the old start-readiness binding before authorization
  ---
  duration_ms: 1.099833
  type: 'test'
  ...
# Subtest: project-control authorizes and revokes start through one fixed append-only event contract
ok 1171 - project-control authorizes and revokes start through one fixed append-only event contract
  ---
  duration_ms: 5.403167
  type: 'test'
  ...
# Subtest: candidate start policy pins the exact recipe, Profile, Schema and validator bytes
ok 1172 - candidate start policy pins the exact recipe, Profile, Schema and validator bytes
  ---
  duration_ms: 5.141041
  type: 'test'
  ...
# Subtest: candidate policy protects only O02 and O03 and is not mutable
ok 1173 - candidate policy protects only O02 and O03 and is not mutable
  ---
  duration_ms: 0.201958
  type: 'test'
  ...
# Subtest: the build-time Git attestation binds the current fixed baseline
ok 1174 - the build-time Git attestation binds the current fixed baseline
  ---
  duration_ms: 92.050833
  type: 'test'
  ...
# Subtest: the build-time attestation rejects a nonexistent source commit
ok 1175 - the build-time attestation rejects a nonexistent source commit
  ---
  duration_ms: 15.19725
  type: 'test'
  ...
# Subtest: the build-time attestation rejects a non-commit object
ok 1176 - the build-time attestation rejects a non-commit object
  ---
  duration_ms: 15.270125
  type: 'test'
  ...
# Subtest: the build-time attestation rejects the wrong source tree
ok 1177 - the build-time attestation rejects the wrong source tree
  ---
  duration_ms: 31.320792
  type: 'test'
  ...
# Subtest: the build-time attestation rejects changed Recipe bytes
ok 1178 - the build-time attestation rejects changed Recipe bytes
  ---
  duration_ms: 62.005416
  type: 'test'
  ...
# Subtest: the build-time attestation rejects a Recipe absent from the source commit
ok 1179 - the build-time attestation rejects a Recipe absent from the source commit
  ---
  duration_ms: 716.205541
  type: 'test'
  ...
# Subtest: the build-time attestation rejects changed subject bytes from the source commit
ok 1180 - the build-time attestation rejects changed subject bytes from the source commit
  ---
  duration_ms: 651.040042
  type: 'test'
  ...
# Subtest: the build-time attestation rejects a subject absent from the source commit
ok 1181 - the build-time attestation rejects a subject absent from the source commit
  ---
  duration_ms: 595.908875
  type: 'test'
  ...
# Subtest: the build-time attestation rejects the wrong execution baseline digest
ok 1182 - the build-time attestation rejects the wrong execution baseline digest
  ---
  duration_ms: 65.945792
  type: 'test'
  ...
# Subtest: one explicit UTC time reproduces identical Attestation content
ok 1183 - one explicit UTC time reproduces identical Attestation content
  ---
  duration_ms: 123.425542
  type: 'test'
  ...
# Subtest: modified working-tree files cannot replace source-commit bytes
ok 1184 - modified working-tree files cannot replace source-commit bytes
  ---
  duration_ms: 311.122167
  type: 'test'
  ...
# Subtest: ambient PATH cannot replace the trusted Git executable
ok 1185 - ambient PATH cannot replace the trusted Git executable
  ---
  duration_ms: 63.293458
  type: 'test'
  ...
# Subtest: the build-time attestation requires an explicit canonical UTC time
ok 1186 - the build-time attestation requires an explicit canonical UTC time
  ---
  duration_ms: 0.144417
  type: 'test'
  ...
# Subtest: the build-time attestation rejects a nonexistent canonical UTC calendar date
ok 1187 - the build-time attestation rejects a nonexistent canonical UTC calendar date
  ---
  duration_ms: 0.063833
  type: 'test'
  ...
# Subtest: the build CLI requires an explicit canonical UTC time
ok 1188 - the build CLI requires an explicit canonical UTC time
  ---
  duration_ms: 31.516417
  type: 'test'
  ...
# Subtest: the build CLI reproduces the frozen Attestation and rejects baseline overrides
ok 1189 - the build CLI reproduces the frozen Attestation and rejects baseline overrides
  ---
  duration_ms: 257.73125
  type: 'test'
  ...
# Subtest: the frozen Attestation satisfies its closed JSON Schema
ok 1190 - the frozen Attestation satisfies its closed JSON Schema
  ---
  duration_ms: 27.26075
  type: 'test'
  ...
# Subtest: the Worker default verifier accepts only the frozen execution baseline binding
ok 1191 - the Worker default verifier accepts only the frozen execution baseline binding
  ---
  duration_ms: 1.241916
  type: 'test'
  ...
# Subtest: the closed Schema rejects unknown, missing, duplicate, reordered and extra subjects
ok 1192 - the closed Schema rejects unknown, missing, duplicate, reordered and extra subjects
  ---
  duration_ms: 18.318209
  type: 'test'
  ...
# Subtest: the Attestation pin revisions remain replayable and cannot be crossed
ok 1193 - the Attestation pin revisions remain replayable and cannot be crossed
  ---
  duration_ms: 2.952583
  type: 'test'
  ...
# Subtest: the Worker verifier fails closed for Attestation, pin and canonicalization tampering
ok 1194 - the Worker verifier fails closed for Attestation, pin and canonicalization tampering
  ---
  duration_ms: 0.956375
  type: 'test'
  ...
# Subtest: the Worker verifier rejects a nonexistent canonical UTC calendar date even with a matching test pin
ok 1195 - the Worker verifier rejects a nonexistent canonical UTC calendar date even with a matching test pin
  ---
  duration_ms: 0.490167
  type: 'test'
  ...
# Subtest: the Worker verifier rejects fixed source tree, Profile, Schema and Validator mismatches
ok 1196 - the Worker verifier rejects fixed source tree, Profile, Schema and Validator mismatches
  ---
  duration_ms: 0.675042
  type: 'test'
  ...
# Subtest: the Worker default verifier rejects source, digest and P2 policy mismatches
ok 1197 - the Worker default verifier rejects source, digest and P2 policy mismatches
  ---
  duration_ms: 1.159416
  type: 'test'
  ...
# Subtest: the Worker default verifier does not accept caller-supplied proof replacements
ok 1198 - the Worker default verifier does not accept caller-supplied proof replacements
  ---
  duration_ms: 0.928334
  type: 'test'
  ...
# Subtest: the Worker verifier dependency closure has no Node, Git, network, environment or Token dependency
ok 1199 - the Worker verifier dependency closure has no Node, Git, network, environment or Token dependency
  ---
  duration_ms: 1.20825
  type: 'test'
  ...
# Subtest: the Attestation contains evidence only, not governance state or its own pin
ok 1200 - the Attestation contains evidence only, not governance state or its own pin
  ---
  duration_ms: 0.407875
  type: 'test'
  ...
# Subtest: the source commit predates its pin revision while preserving the original ADR and pin lineage
ok 1201 - the source commit predates its pin revision while preserving the original ADR and pin lineage
  ---
  duration_ms: 30.084542
  type: 'test'
  ...
# Subtest: the progress composition root injects the default frozen Worker verifier
ok 1202 - the progress composition root injects the default frozen Worker verifier
  ---
  duration_ms: 5.193625
  type: 'test'
  ...
# Subtest: Project Control does not reverse-import the Worker verifier
ok 1203 - Project Control does not reverse-import the Worker verifier
  ---
  duration_ms: 0.69475
  type: 'test'
  ...
# Subtest: snapshot does not call any P2 verifier or append to the journal
ok 1204 - snapshot does not call any P2 verifier or append to the journal
  ---
  duration_ms: 2.124166
  type: 'test'
  ...
# Subtest: a work-package start fails closed when Reference policy is missing
ok 1205 - a work-package start fails closed when Reference policy is missing
  ---
  duration_ms: 2.728375
  type: 'test'
  ...
# Subtest: a non-boundary work-package record does not call the Reference verifier
ok 1206 - a non-boundary work-package record does not call the Reference verifier
  ---
  duration_ms: 2.396792
  type: 'test'
  ...
# Subtest: VERIFIED fails closed before append when implementation conformance is not proved
ok 1207 - VERIFIED fails closed before append when implementation conformance is not proved
  ---
  duration_ms: 0.863875
  type: 'test'
  ...
# Subtest: the progress HTTP action surface remains the exact existing five actions
ok 1208 - the progress HTTP action surface remains the exact existing five actions
  ---
  duration_ms: 0.956791
  type: 'test'
  ...
# Subtest: the P2 readiness route remains GET-only
ok 1209 - the P2 readiness route remains GET-only
  ---
  duration_ms: 0.621625
  type: 'test'
  ...
# Subtest: the bundle verifier accepts one server-only frozen verifier set
ok 1210 - the bundle verifier accepts one server-only frozen verifier set
  ---
  duration_ms: 0.864042
  type: 'test'
  ...
# Subtest: the bundle verifier fails closed when the Worker verifier is absent
ok 1211 - the bundle verifier fails closed when the Worker verifier is absent
  ---
  duration_ms: 0.286166
  type: 'test'
  ...
# Subtest: the bundle verifier rejects every missing or changed frozen marker
ok 1212 - the bundle verifier rejects every missing or changed frozen marker
  ---
  duration_ms: 0.427834
  type: 'test'
  ...
# Subtest: the bundle verifier rejects frozen evidence in every client bundle
ok 1213 - the bundle verifier rejects frozen evidence in every client bundle
  ---
  duration_ms: 0.328333
  type: 'test'
  ...
# Subtest: the bundle verifier rejects explicit runtime Git and network proof dependencies
ok 1214 - the bundle verifier rejects explicit runtime Git and network proof dependencies
  ---
  duration_ms: 0.260875
  type: 'test'
  ...
# Subtest: the bundle verifier fails closed when there is no client JavaScript
ok 1215 - the bundle verifier fails closed when there is no client JavaScript
  ---
  duration_ms: 0.065833
  type: 'test'
  ...
# Subtest: the filesystem bundle verifier reads the fixed server entry and recursive client JavaScript
ok 1216 - the filesystem bundle verifier reads the fixed server entry and recursive client JavaScript
  ---
  duration_ms: 13.989708
  type: 'test'
  ...
# Subtest: the filesystem bundle verifier rejects a forbidden dependency in the server SSR closure
ok 1217 - the filesystem bundle verifier rejects a forbidden dependency in the server SSR closure
  ---
  duration_ms: 5.426292
  type: 'test'
  ...
# Subtest: the filesystem bundle verifier fails closed when its fixed server entry is unavailable
ok 1218 - the filesystem bundle verifier fails closed when its fixed server entry is unavailable
  ---
  duration_ms: 3.855041
  type: 'test'
  ...
# Subtest: the app build lifecycle verifies the Worker bundle before RELEASE
ok 1219 - the app build lifecycle verifies the Worker bundle before RELEASE
  ---
  duration_ms: 0.683291
  type: 'test'
  ...
# Subtest: the real Worker bundle contains the frozen verifier evidence only on the server
ok 1220 - the real Worker bundle contains the frozen verifier evidence only on the server
  ---
  duration_ms: 18.972333
  type: 'test'
  ...
# Subtest: the real Worker bundle keeps Profile and start readiness evidence server-only
ok 1221 - the real Worker bundle keeps Profile and start readiness evidence server-only
  ---
  duration_ms: 8.7735
  type: 'test'
  ...
# Subtest: the real Worker bundle keeps Reference Review policy and verifier server-only
ok 1222 - the real Worker bundle keeps Reference Review policy and verifier server-only
  ---
  duration_ms: 9.921417
  type: 'test'
  ...
# Subtest: the production default verifier accepts only the fixed build binding
ok 1223 - the production default verifier accepts only the fixed build binding
  ---
  duration_ms: 1.676875
  type: 'test'
  ...
# Subtest: the PEP coverage table maps every protected surface exactly once
ok 1224 - the PEP coverage table maps every protected surface exactly once
  ---
  duration_ms: 3.754292
  type: 'test'
  ...
# Subtest: dependent consumers remain explicitly pending instead of being claimed as integrated
ok 1225 - dependent consumers remain explicitly pending instead of being claimed as integrated
  ---
  duration_ms: 1.086917
  type: 'test'
  ...
# Subtest: the frozen fixture matrix contains 60 cases across all six surfaces
ok 1226 - the frozen fixture matrix contains 60 cases across all six surfaces
  ---
  duration_ms: 0.701292
  type: 'test'
  ...
# Subtest: each protected surface has three distinct factors and one purpose
ok 1227 - each protected surface has three distinct factors and one purpose
  ---
  duration_ms: 1.8415
  type: 'test'
  ...
# Subtest: the v5.1 approval migration appends one hash-bound revision without changing delivery state
ok 1228 - the v5.1 approval migration appends one hash-bound revision without changing delivery state
  ---
  duration_ms: 2.676541
  type: 'test'
  ...
# Subtest: C12 PostgreSQL State Port rejects unsafe construction
ok 1229 - C12 PostgreSQL State Port rejects unsafe construction
  ---
  duration_ms: 1.20525
  type: 'test'
  ...
# Subtest: C12 PostgreSQL State Port rejects forged scope before admission
ok 1230 - C12 PostgreSQL State Port rejects forged scope before admission
  ---
  duration_ms: 0.320791
  type: 'test'
  ...
# Subtest: C12 PostgreSQL State Port rejects state owner escape before SQL
ok 1231 - C12 PostgreSQL State Port rejects state owner escape before SQL
  ---
  duration_ms: 1.947666
  type: 'test'
  ...
# Subtest: C12 PostgreSQL migrations force RLS and least-privilege roles
ok 1232 - C12 PostgreSQL migrations force RLS and least-privilege roles
  ---
  duration_ms: 3.049541
  type: 'test'
  ...
# Subtest: C10 discards a PostgreSQL connection when rollback fails
ok 1233 - C10 discards a PostgreSQL connection when rollback fails
  ---
  duration_ms: 1.24975
  type: 'test'
  ...
# Subtest: C11 discards a PostgreSQL connection when rollback fails
ok 1234 - C11 discards a PostgreSQL connection when rollback fails
  ---
  duration_ms: 1.57925
  type: 'test'
  ...
# Subtest: C11 discards the scope signer after a connection failure
ok 1235 - C11 discards the scope signer after a connection failure
  ---
  duration_ms: 1.3925
  type: 'test'
  ...
# Subtest: the checkpoint store exposes the exact adapter Port
ok 1236 - the checkpoint store exposes the exact adapter Port
  ---
  duration_ms: 1.288375
  type: 'test'
  ...
# Subtest: transact fails closed outside its advisory-lock context
ok 1237 - transact fails closed outside its advisory-lock context
  ---
  duration_ms: 0.283417
  type: 'test'
  ...
# Subtest: a locked reducer atomically inserts its checkpoint
ok 1238 - a locked reducer atomically inserts its checkpoint
  ---
  duration_ms: 0.910125
  type: 'test'
  ...
# Subtest: a reducer exception rolls back and releases the session lock
ok 1239 - a reducer exception rolls back and releases the session lock
  ---
  duration_ms: 0.262625
  type: 'test'
  ...
# Subtest: an async child cannot transact after its lock callback returns
ok 1240 - an async child cannot transact after its lock callback returns
  ---
  duration_ms: 2.822333
  type: 'test'
  ...
# Subtest: the migration enforces permanent SCIM identity checkpoints
ok 1241 - the migration enforces permanent SCIM identity checkpoints
  ---
  duration_ms: 1.124084
  type: 'test'
  ...
# Subtest: the PostgreSQL adapter preserves the three-method C05 Store seam
ok 1242 - the PostgreSQL adapter preserves the three-method C05 Store seam
  ---
  duration_ms: 1.48975
  type: 'test'
  ...
# Subtest: C05 checks replay and upstream preflight before its serializable transaction
ok 1243 - C05 checks replay and upstream preflight before its serializable transaction
  ---
  duration_ms: 0.584416
  type: 'test'
  ...
# Subtest: event and outbox inserts use the exact same payload before commit
ok 1244 - event and outbox inserts use the exact same payload before commit
  ---
  duration_ms: 0.21275
  type: 'test'
  ...
# Subtest: action resolution reads one repeatable snapshot without mutating C05
ok 1245 - action resolution reads one repeatable snapshot without mutating C05
  ---
  duration_ms: 0.329458
  type: 'test'
  ...
# Subtest: the manifest compiles exactly 37 unique work packages and four gates
ok 1246 - the manifest compiles exactly 37 unique work packages and four gates
  ---
  duration_ms: 5.803209
  type: 'test'
  ...
# Subtest: manifest compilation fails closed when a phase gate omits required work
ok 1247 - manifest compilation fails closed when a phase gate omits required work
  ---
  duration_ms: 1.115959
  type: 'test'
  ...
# Subtest: gate artifacts have machine-readable schemas and all four decision examples
ok 1248 - gate artifacts have machine-readable schemas and all four decision examples
  ---
  duration_ms: 1.165542
  type: 'test'
  ...
# Subtest: F01 verification evidence hashes every frozen artifact
ok 1249 - F01 verification evidence hashes every frozen artifact
  ---
  duration_ms: 286.399958
  type: 'test'
  ...
# Subtest: an empty D1 journal does not inherit work-package state from the Manifest
ok 1250 - an empty D1 journal does not inherit work-package state from the Manifest
  ---
  duration_ms: 1.237458
  type: 'test'
  ...
# Subtest: a verified work package rejects evidence outside the frozen Git catalog
ok 1251 - a verified work package rejects evidence outside the frozen Git catalog
  ---
  duration_ms: 2.81275
  type: 'test'
  ...
# Subtest: an unfrozen historical event keeps its recorded D1 status and raises a governance issue
ok 1252 - an unfrozen historical event keeps its recorded D1 status and raises a governance issue
  ---
  duration_ms: 1.177042
  type: 'test'
  ...
# Subtest: a later frozen event repairs an invalid historical evidence event append-only
ok 1253 - a later frozen event repairs an invalid historical evidence event append-only
  ---
  duration_ms: 1.801208
  type: 'test'
  ...
# Subtest: historical F04 evidence health does not rewrite D1 or G0, while new Gate action is blocked
ok 1254 - historical F04 evidence health does not rewrite D1 or G0, while new Gate action is blocked
  ---
  duration_ms: 5.346625
  type: 'test'
  ...
# Subtest: a new Gate decision is blocked when its phase has unfrozen evidence
ok 1255 - a new Gate decision is blocked when its phase has unfrozen evidence
  ---
  duration_ms: 2.484292
  type: 'test'
  ...
# Subtest: a D1 state event cannot redefine a Manifest work package
ok 1256 - a D1 state event cannot redefine a Manifest work package
  ---
  duration_ms: 0.864791
  type: 'test'
  ...
# Subtest: revision-64 P1 evidence references replay without false governance issues
ok 1257 - revision-64 P1 evidence references replay without false governance issues
  ---
  duration_ms: 2.459625
  type: 'test'
  ...
# Subtest: dependencies and phase gates are enforced by the shared module
ok 1258 - dependencies and phase gates are enforced by the shared module
  ---
  duration_ms: 2.482584
  type: 'test'
  ...
# Subtest: P2 stays closed unless both G0 and G1 are approved
ok 1259 - P2 stays closed unless both G0 and G1 are approved
  ---
  duration_ms: 2.771292
  type: 'test'
  ...
# Subtest: a gate submission is hashed by the module and a decision is immutable
ok 1260 - a gate submission is hashed by the module and a decision is immutable
  ---
  duration_ms: 11.724375
  type: 'test'
  ...
# Subtest: a decision must name the exact frozen package hash
ok 1261 - a decision must name the exact frozen package hash
  ---
  duration_ms: 5.151583
  type: 'test'
  ...
# Subtest: returned work needs changed evidence and a superseding submission
ok 1262 - returned work needs changed evidence and a superseding submission
  ---
  duration_ms: 4.656417
  type: 'test'
  ...
# Subtest: idempotent command replay does not append a second event
ok 1263 - idempotent command replay does not append a second event
  ---
  duration_ms: 0.939584
  type: 'test'
  ...
# Subtest: only the configured external Product Owner can change project state
ok 1264 - only the configured external Product Owner can change project state
  ---
  duration_ms: 0.546375
  type: 'test'
  ...
# Subtest: the first enterprise Connector activation requires authorization and a hash
ok 1265 - the first enterprise Connector activation requires authorization and a hash
  ---
  duration_ms: 0.366583
  type: 'test'
  ...
# Subtest: a complete Reference Review Bundle passes schemas and semantics
ok 1266 - a complete Reference Review Bundle passes schemas and semantics
  ---
  duration_ms: 5687.127916
  type: 'test'
  ...
# Subtest: the frozen candidate catalog is structurally valid and remains candidate-only
ok 1267 - the frozen candidate catalog is structurally valid and remains candidate-only
  ---
  duration_ms: 0.447667
  type: 'test'
  ...
# Subtest: the current v2 Candidate cannot satisfy Reference Review readiness
ok 1268 - the current v2 Candidate cannot satisfy Reference Review readiness
  ---
  duration_ms: 0.174208
  type: 'test'
  ...
# Subtest: a fully rehashed replacement Manifest cannot replace the trusted work-definition anchor
ok 1269 - a fully rehashed replacement Manifest cannot replace the trusted work-definition anchor
  ---
  duration_ms: 4.147041
  type: 'test'
  ...
# Subtest: an empty self-consistent Catalog and matrix cannot replace the trusted candidate-source anchor
ok 1270 - an empty self-consistent Catalog and matrix cannot replace the trusted candidate-source anchor
  ---
  duration_ms: 3.536875
  type: 'test'
  ...
# Subtest: an omitted applicable candidate is rejected
ok 1271 - an omitted applicable candidate is rejected
  ---
  duration_ms: 5.014375
  type: 'test'
  ...
# Subtest: a handwritten candidate set without frozen applicability evidence is rejected
ok 1272 - a handwritten candidate set without frozen applicability evidence is rejected
  ---
  duration_ms: 3.097125
  type: 'test'
  ...
# Subtest: arbitrary frozen bytes cannot masquerade as applicability coverage
ok 1273 - arbitrary frozen bytes cannot masquerade as applicability coverage
  ---
  duration_ms: 3.136875
  type: 'test'
  ...
# Subtest: DEPENDENCY_LOCK_SCAN rejects arbitrary frozen input bytes even when every digest is recomputed
ok 1274 - DEPENDENCY_LOCK_SCAN rejects arbitrary frozen input bytes even when every digest is recomputed
  ---
  duration_ms: 3.262459
  type: 'test'
  ...
# Subtest: MANUAL_SUPPLEMENT rejects arbitrary frozen input bytes even when every digest is recomputed
ok 1275 - MANUAL_SUPPLEMENT rejects arbitrary frozen input bytes even when every digest is recomputed
  ---
  duration_ms: 3.950416
  type: 'test'
  ...
# Subtest: REFERENCE_MATRIX rejects arbitrary frozen input bytes even when every digest is recomputed
ok 1276 - REFERENCE_MATRIX rejects arbitrary frozen input bytes even when every digest is recomputed
  ---
  duration_ms: 3.195958
  type: 'test'
  ...
# Subtest: SOURCE_INTEGRATION_SCAN rejects arbitrary frozen input bytes even when every digest is recomputed
ok 1277 - SOURCE_INTEGRATION_SCAN rejects arbitrary frozen input bytes even when every digest is recomputed
  ---
  duration_ms: 3.325167
  type: 'test'
  ...
# Subtest: SOURCE_INTEGRATION_SCAN rejects arbitrary source bytes after the entire frozen chain is recomputed
ok 1278 - SOURCE_INTEGRATION_SCAN rejects arbitrary source bytes after the entire frozen chain is recomputed
  ---
  duration_ms: 3.973542
  type: 'test'
  ...
# Subtest: SOURCE_INTEGRATION_SCAN rejects a marker identity that differs from the frozen index after the entire frozen chain is recomputed
ok 1279 - SOURCE_INTEGRATION_SCAN rejects a marker identity that differs from the frozen index after the entire frozen chain is recomputed
  ---
  duration_ms: 3.839167
  type: 'test'
  ...
# Subtest: SOURCE_INTEGRATION_SCAN rejects an official URI that differs from the frozen index after the entire frozen chain is recomputed
ok 1280 - SOURCE_INTEGRATION_SCAN rejects an official URI that differs from the frozen index after the entire frozen chain is recomputed
  ---
  duration_ms: 3.109625
  type: 'test'
  ...
# Subtest: SOURCE_INTEGRATION_SCAN rejects an integration kind that differs from the frozen index after the entire frozen chain is recomputed
ok 1281 - SOURCE_INTEGRATION_SCAN rejects an integration kind that differs from the frozen index after the entire frozen chain is recomputed
  ---
  duration_ms: 3.712
  type: 'test'
  ...
# Subtest: SOURCE_INTEGRATION_SCAN rejects duplicate integration markers after the entire frozen chain is recomputed
ok 1282 - SOURCE_INTEGRATION_SCAN rejects duplicate integration markers after the entire frozen chain is recomputed
  ---
  duration_ms: 3.865625
  type: 'test'
  ...
# Subtest: SOURCE_INTEGRATION_SCAN rejects invalid UTF-8 after the entire frozen chain is recomputed
ok 1283 - SOURCE_INTEGRATION_SCAN rejects invalid UTF-8 after the entire frozen chain is recomputed
  ---
  duration_ms: 3.761958
  type: 'test'
  ...
# Subtest: SOURCE_INTEGRATION_SCAN rejects an unindexed frozen integration marker
ok 1284 - SOURCE_INTEGRATION_SCAN rejects an unindexed frozen integration marker
  ---
  duration_ms: 3.118875
  type: 'test'
  ...
# Subtest: the trusted freeze-tree enumeration rejects a root marker omitted from Attestation subjects
ok 1285 - the trusted freeze-tree enumeration rejects a root marker omitted from Attestation subjects
  ---
  duration_ms: 3.109916
  type: 'test'
  ...
# Subtest: the freeze Attestation rejects every unconsumed evidence subject
ok 1286 - the freeze Attestation rejects every unconsumed evidence subject
  ---
  duration_ms: 3.332167
  type: 'test'
  ...
# Subtest: an unknown candidate is rejected
ok 1287 - an unknown candidate is rejected
  ---
  duration_ms: 2.818541
  type: 'test'
  ...
# Subtest: a source that is not in the frozen official catalog is rejected
ok 1288 - a source that is not in the frozen official catalog is rejected
  ---
  duration_ms: 4.537792
  type: 'test'
  ...
# Subtest: Receipt and Bundle hash tampering is rejected
ok 1289 - Receipt and Bundle hash tampering is rejected
  ---
  duration_ms: 7.032125
  type: 'test'
  ...
# Subtest: Git-frozen evidence must match the exact commit-bound JSON
ok 1290 - Git-frozen evidence must match the exact commit-bound JSON
  ---
  duration_ms: 5.889708
  type: 'test'
  ...
# Subtest: Git evidence freeze uses a later external commit and rejects a missing commit
ok 1291 - Git evidence freeze uses a later external commit and rejects a missing commit
  ---
  duration_ms: 5.579792
  type: 'test'
  ...
# Subtest: a legal but incorrect evidenceFreezeTree is rejected after all Attestation digests are recomputed
ok 1292 - a legal but incorrect evidenceFreezeTree is rejected after all Attestation digests are recomputed
  ---
  duration_ms: 2.757166
  type: 'test'
  ...
# Subtest: a nonexistent freeze commit is rejected even when a byte resolver serves matching content
ok 1293 - a nonexistent freeze commit is rejected even when a byte resolver serves matching content
  ---
  duration_ms: 3.542
  type: 'test'
  ...
# Subtest: Attestation cycle flags cannot replace trusted source-to-freeze ancestry proof
ok 1294 - Attestation cycle flags cannot replace trusted source-to-freeze ancestry proof
  ---
  duration_ms: 3.646
  type: 'test'
  ...
# Subtest: every Receipt, applicability and implementation evidence ref is byte-verified
ok 1295 - every Receipt, applicability and implementation evidence ref is byte-verified
  ---
  duration_ms: 3.674041
  type: 'test'
  ...
# Subtest: Catalog PoC policy cannot be downgraded by an ADOPT Receipt
ok 1296 - Catalog PoC policy cannot be downgraded by an ADOPT Receipt
  ---
  duration_ms: 3.760042
  type: 'test'
  ...
# Subtest: candidate catalog, Profile and source commit drift make old evidence STALE
ok 1297 - candidate catalog, Profile and source commit drift make old evidence STALE
  ---
  duration_ms: 8.66325
  type: 'test'
  ...
# Subtest: an adopted version change makes the old Receipt STALE
ok 1298 - an adopted version change makes the old Receipt STALE
  ---
  duration_ms: 3.851458
  type: 'test'
  ...
# Subtest: DEFER becomes STALE at or after its mandatory re-review boundary
ok 1299 - DEFER becomes STALE at or after its mandatory re-review boundary
  ---
  duration_ms: 3.150125
  type: 'test'
  ...
# Subtest: an explicitly empty applicable set does not block unrelated work
ok 1300 - an explicitly empty applicable set does not block unrelated work
  ---
  duration_ms: 1.743959
  type: 'test'
  ...
# Subtest: a frozen implementation conformance record passes its closed schema and semantics
ok 1301 - a frozen implementation conformance record passes its closed schema and semantics
  ---
  duration_ms: 3.491958
  type: 'test'
  ...
# Subtest: IMPLEMENTATION_CONFORMANCE rejects implementation that diverges from ADOPT
ok 1302 - IMPLEMENTATION_CONFORMANCE rejects implementation that diverges from ADOPT
  ---
  duration_ms: 4.498375
  type: 'test'
  ...
# Subtest: implementation digest must equal the Bundle approved digest, not another material pin
ok 1303 - implementation digest must equal the Bundle approved digest, not another material pin
  ---
  duration_ms: 4.424875
  type: 'test'
  ...
# Subtest: IMPLEMENTATION_CONFORMANCE rejects arbitrary frozen evidence bytes after the chain is recomputed
ok 1304 - IMPLEMENTATION_CONFORMANCE rejects arbitrary frozen evidence bytes after the chain is recomputed
  ---
  duration_ms: 4.170042
  type: 'test'
  ...
# Subtest: IMPLEMENTATION_CONFORMANCE rejects an actual dependency pin that differs from the ADOPT decision
ok 1305 - IMPLEMENTATION_CONFORMANCE rejects an actual dependency pin that differs from the ADOPT decision
  ---
  duration_ms: 4.935375
  type: 'test'
  ...
# Subtest: IMPLEMENTATION_CONFORMANCE rejects a fully rehashed dependency pin that diverges from ADOPT without a tool-lock domain
ok 1306 - IMPLEMENTATION_CONFORMANCE rejects a fully rehashed dependency pin that diverges from ADOPT without a tool-lock domain
  ---
  duration_ms: 4.229209
  type: 'test'
  ...
# Subtest: IMPLEMENTATION_CONFORMANCE rejects a non-adopted integration found in frozen inputs
ok 1307 - IMPLEMENTATION_CONFORMANCE rejects a non-adopted integration found in frozen inputs
  ---
  duration_ms: 2.864958
  type: 'test'
  ...
# Subtest: Profile retrospective backfill requires IMPLEMENTATION_CONFORMANCE
ok 1308 - Profile retrospective backfill requires IMPLEMENTATION_CONFORMANCE
  ---
  duration_ms: 4.228667
  type: 'test'
  ...
# Subtest: Profile backfill validates each work package against its own exact-closure Attestation
ok 1309 - Profile backfill validates each work package against its own exact-closure Attestation
  ---
  duration_ms: 15.439833
  type: 'test'
  ...
# Subtest: Profile backfill rejects a Policy work package that is absent from the Manifest
ok 1310 - Profile backfill rejects a Policy work package that is absent from the Manifest
  ---
  duration_ms: 3.732083
  type: 'test'
  ...
# Subtest: a Bundle stored under another work-package key cannot satisfy Profile backfill
ok 1311 - a Bundle stored under another work-package key cannot satisfy Profile backfill
  ---
  duration_ms: 1.291584
  type: 'test'
  ...
# Subtest: dependency adoption must bind each Profile tool lock to an ADOPT Receipt
ok 1312 - dependency adoption must bind each Profile tool lock to an ADOPT Receipt
  ---
  duration_ms: 3.066875
  type: 'test'
  ...
# Subtest: DEPENDENCY_ADOPTION rejects a frozen dependency and source integration for a REJECT decision
ok 1313 - DEPENDENCY_ADOPTION rejects a frozen dependency and source integration for a REJECT decision
  ---
  duration_ms: 2.731875
  type: 'test'
  ...
# Subtest: the readiness verifier is default-deny unless the frozen binding is complete
ok 1314 - the readiness verifier is default-deny unless the frozen binding is complete
  ---
  duration_ms: 11.00675
  type: 'test'
  ...
# Subtest: closed schemas reject caller-supplied READY or governance state
ok 1315 - closed schemas reject caller-supplied READY or governance state
  ---
  duration_ms: 1.494208
  type: 'test'
  ...
# Subtest: the runtime Bundle validator rejects nested caller-owned state
ok 1316 - the runtime Bundle validator rejects nested caller-owned state
  ---
  duration_ms: 3.353542
  type: 'test'
  ...
# Subtest: a complete ADOPT Reference Review Receipt passes structure and semantics
ok 1317 - a complete ADOPT Reference Review Receipt passes structure and semantics
  ---
  duration_ms: 21.008833
  type: 'test'
  ...
# Subtest: a complete REJECT Reference Review Receipt passes
ok 1318 - a complete REJECT Reference Review Receipt passes
  ---
  duration_ms: 1.316125
  type: 'test'
  ...
# Subtest: a complete DEFER Reference Review Receipt passes
ok 1319 - a complete DEFER Reference Review Receipt passes
  ---
  duration_ms: 0.921375
  type: 'test'
  ...
# Subtest: a complete NOT_APPLICABLE Reference Review Receipt passes
ok 1320 - a complete NOT_APPLICABLE Reference Review Receipt passes
  ---
  duration_ms: 0.611917
  type: 'test'
  ...
# Subtest: missing official source, exact version or reviewed sections is rejected
ok 1321 - missing official source, exact version or reviewed sections is rejected
  ---
  duration_ms: 2.234542
  type: 'test'
  ...
# Subtest: ADOPT requires license, security, maintenance, exit, ADR and required PoC
ok 1322 - ADOPT requires license, security, maintenance, exit, ADR and required PoC
  ---
  duration_ms: 5.046333
  type: 'test'
  ...
# Subtest: REJECT, DEFER and NOT_APPLICABLE require their decision-specific rationale
ok 1323 - REJECT, DEFER and NOT_APPLICABLE require their decision-specific rationale
  ---
  duration_ms: 2.48825
  type: 'test'
  ...
# Subtest: Receipt hash tampering and production-adoption claims are rejected
ok 1324 - Receipt hash tampering and production-adoption claims are rejected
  ---
  duration_ms: 1.7685
  type: 'test'
  ...
# Subtest: the Receipt schema is closed and cannot carry governance approval
ok 1325 - the Receipt schema is closed and cannot carry governance approval
  ---
  duration_ms: 1.217084
  type: 'test'
  ...
# Subtest: the runtime Receipt validator enforces the nested closed Schema
ok 1326 - the runtime Receipt validator enforces the nested closed Schema
  ---
  duration_ms: 1.003209
  type: 'test'
  ...
# Subtest: server-renders the real project progress center
ok 1327 - server-renders the real project progress center
  ---
  duration_ms: 8.209084
  type: 'test'
  ...
# Subtest: progress API exposes a deny-first O02 and O03 start boundary
ok 1328 - progress API exposes a deny-first O02 and O03 start boundary
  ---
  duration_ms: 3.913375
  type: 'test'
  ...
# Subtest: removes the starter and keeps truthful progress rules in source
ok 1329 - removes the starter and keeps truthful progress rules in source
  ---
  duration_ms: 2.466625
  type: 'test'
  ...
# Subtest: Core commits ACTIVE, revokes sessions, and retries SCIM without duplicate Outbox
ok 1330 - Core commits ACTIVE, revokes sessions, and retries SCIM without duplicate Outbox
  ---
  duration_ms: 18.258458
  type: 'test'
  ...
# Subtest: replay reconciles SCIM while stale, terminal revival, and event tampering do not call it
ok 1331 - replay reconciles SCIM while stale, terminal revival, and event tampering do not call it
  ---
  duration_ms: 4.8775
  type: 'test'
  ...
# Subtest: the fixed resolver binding and generated idempotency key fail closed
ok 1332 - the fixed resolver binding and generated idempotency key fail closed
  ---
  duration_ms: 0.652542
  type: 'test'
  ...
# Subtest: a mismatched SCIM receipt is never reported as successful
ok 1333 - a mismatched SCIM receipt is never reported as successful
  ---
  duration_ms: 0.114209
  type: 'test'
  ...
# Subtest: C13 reaches storage only after a real C06 MANAGE allow
ok 1334 - C13 reaches storage only after a real C06 MANAGE allow
  ---
  duration_ms: 12.241583
  type: 'test'
  ...
# Subtest: a C06 submit grant cannot authorize C13 approval or publication
ok 1335 - a C06 submit grant cannot authorize C13 approval or publication
  ---
  duration_ms: 2.907542
  type: 'test'
  ...
# Subtest: C13 real C06 denial occurs before Skill storage
ok 1336 - C13 real C06 denial occurs before Skill storage
  ---
  duration_ms: 1.406042
  type: 'test'
  ...
# Subtest: C13 Manifest schema is closed and permanently instructions-only in P1
ok 1337 - C13 Manifest schema is closed and permanently instructions-only in P1
  ---
  duration_ms: 2.72475
  type: 'test'
  ...
# Subtest: C13 OpenAPI exposes only governed commands and Run resolution
ok 1338 - C13 OpenAPI exposes only governed commands and Run resolution
  ---
  duration_ms: 1.334
  type: 'test'
  ...
# Subtest: C13 EvaluationReport schema is closed and binds all approval evidence
ok 1339 - C13 EvaluationReport schema is closed and binds all approval evidence
  ---
  duration_ms: 0.751666
  type: 'test'
  ...
# Subtest: C13 verification matrix covers every required acceptance boundary
ok 1340 - C13 verification matrix covers every required acceptance boundary
  ---
  duration_ms: 2.069292
  type: 'test'
  ...
# Subtest: C13 SQL contract fixes migration names, FORCE RLS and no runtime DELETE
ok 1341 - C13 SQL contract fixes migration names, FORCE RLS and no runtime DELETE
  ---
  duration_ms: 1.199958
  type: 'test'
  ...
# Subtest: a minimal instructions-only Skill Manifest has one canonical SHA-256
ok 1342 - a minimal instructions-only Skill Manifest has one canonical SHA-256
  ---
  duration_ms: 2.278375
  type: 'test'
  ...
# Subtest: Skill scripts and authority-bearing allowed-tools declarations are closed
ok 1343 - Skill scripts and authority-bearing allowed-tools declarations are closed
  ---
  duration_ms: 0.317208
  type: 'test'
  ...
# Subtest: a release moves through static check, frozen evaluation, approval, pilot and stable
ok 1344 - a release moves through static check, frozen evaluation, approval, pilot and stable
  ---
  duration_ms: 5.604708
  type: 'test'
  ...
# Subtest: hash mismatch and withdrawn release cannot resolve for a new Run
ok 1345 - hash mismatch and withdrawn release cannot resolve for a new Run
  ---
  duration_ms: 2.48575
  type: 'test'
  ...
# Subtest: rollback accepts only a previously published, approved, non-withdrawn release
ok 1346 - rollback accepts only a previously published, approved, non-withdrawn release
  ---
  duration_ms: 4.484958
  type: 'test'
  ...
# Subtest: tenant scope, idempotency, and concurrent channel CAS fail closed
ok 1347 - tenant scope, idempotency, and concurrent channel CAS fail closed
  ---
  duration_ms: 3.962917
  type: 'test'
  ...
# Subtest: untested, unevaluated and failed-evaluation releases cannot be approved or published
ok 1348 - untested, unevaluated and failed-evaluation releases cannot be approved or published
  ---
  duration_ms: 1.38125
  type: 'test'
  ...
# Subtest: a blocked F04 report cannot be approved
ok 1349 - a blocked F04 report cannot be approved
  ---
  duration_ms: 0.647667
  type: 'test'
  ...
# Subtest: a complete zero-tolerance failure must remain BLOCKED
ok 1350 - a complete zero-tolerance failure must remain BLOCKED
  ---
  duration_ms: 0.613959
  type: 'test'
  ...
# Subtest: the Registry independently rejects evaluation binding and schema drift
ok 1351 - the Registry independently rejects evaluation binding and schema drift
  ---
  duration_ms: 3.185
  type: 'test'
  ...
# Subtest: approval must repeat the exact evaluation and human decision hashes
ok 1352 - approval must repeat the exact evaluation and human decision hashes
  ---
  duration_ms: 0.706375
  type: 'test'
  ...
# Subtest: each lifecycle event carries the current operation authorization
ok 1353 - each lifecycle event carries the current operation authorization
  ---
  duration_ms: 1.028125
  type: 'test'
  ...
# Subtest: the C05 contract exposes only the three deep-module operations
ok 1354 - the C05 contract exposes only the three deep-module operations
  ---
  duration_ms: 3.869292
  type: 'test'
  ...
# Subtest: the command surface contains exactly the eight frozen C05 commands
ok 1355 - the command surface contains exactly the eight frozen C05 commands
  ---
  duration_ms: 1.384041
  type: 'test'
  ...
# Subtest: each command result has a closed discriminator without a business authorization decision
ok 1356 - each command result has a closed discriminator without a business authorization decision
  ---
  duration_ms: 0.989167
  type: 'test'
  ...
# Subtest: all object schemas are closed against unsupported fields
ok 1357 - all object schemas are closed against unsupported fields
  ---
  duration_ms: 1.414583
  type: 'test'
  ...
# Subtest: action resolution accepts only a session, expected Tenant and leaf delegation
ok 1358 - action resolution accepts only a session, expected Tenant and leaf delegation
  ---
  duration_ms: 2.0165
  type: 'test'
  ...
# Subtest: the resolved action context contains the exact subject, actor and parent chain
ok 1359 - the resolved action context contains the exact subject, actor and parent chain
  ---
  duration_ms: 3.309
  type: 'test'
  ...
# Subtest: delegation records express provenance without granting business authorization
ok 1360 - delegation records express provenance without granting business authorization
  ---
  duration_ms: 2.159167
  type: 'test'
  ...
# Subtest: SYNC_IDENTITY_ACCOUNT accepts no caller-asserted C04 state or version
ok 1361 - SYNC_IDENTITY_ACCOUNT accepts no caller-asserted C04 state or version
  ---
  duration_ms: 1.264875
  type: 'test'
  ...
# Subtest: IdentityLink changes stay explicit and versioned
ok 1362 - IdentityLink changes stay explicit and versioned
  ---
  duration_ms: 2.268917
  type: 'test'
  ...
# Subtest: the public schemas contain no inferred identity or business grant fields
ok 1363 - the public schemas contain no inferred identity or business grant fields
  ---
  duration_ms: 1.298208
  type: 'test'
  ...
# Subtest: C05 remains Synthetic-only and keeps every Enterprise Connector disabled
ok 1364 - C05 remains Synthetic-only and keeps every Enterprise Connector disabled
  ---
  duration_ms: 1.997167
  type: 'test'
  ...
# Subtest: C05 identifiers and canonical times match the runtime contract
ok 1365 - C05 identifiers and canonical times match the runtime contract
  ---
  duration_ms: 1.250833
  type: 'test'
  ...
# Subtest: the C05 catalog covers exactly the three frozen F02 Synthetic Tenants
ok 1366 - the C05 catalog covers exactly the three frozen F02 Synthetic Tenants
  ---
  duration_ms: 4.397666
  type: 'test'
  ...
# Subtest: each Synthetic Tenant has three HUMAN, one AGENT and one SERVICE principal
ok 1367 - each Synthetic Tenant has three HUMAN, one AGENT and one SERVICE principal
  ---
  duration_ms: 2.301375
  type: 'test'
  ...
# Subtest: every current C04 profile is explicitly assigned to one HUMAN principal
ok 1368 - every current C04 profile is explicitly assigned to one HUMAN principal
  ---
  duration_ms: 1.754291
  type: 'test'
  ...
# Subtest: the northstar Ava fixture has an explicit migrated identity profile
ok 1369 - the northstar Ava fixture has an explicit migrated identity profile
  ---
  duration_ms: 1.784791
  type: 'test'
  ...
# Subtest: every frozen identity correction hash binds its exact mapping
ok 1370 - every frozen identity correction hash binds its exact mapping
  ---
  duration_ms: 2.735167
  type: 'test'
  ...
# Subtest: the C05 catalog contains no inferred identity or business authorization fields
ok 1371 - the C05 catalog contains no inferred identity or business authorization fields
  ---
  duration_ms: 1.020125
  type: 'test'
  ...
# Subtest: the catalog rejects HUMAN principals without an explicit identity profile
ok 1372 - the catalog rejects HUMAN principals without an explicit identity profile
  ---
  duration_ms: 0.526375
  type: 'test'
  ...
# Subtest: the catalog rejects identity profiles on AGENT or SERVICE principals
ok 1373 - the catalog rejects identity profiles on AGENT or SERVICE principals
  ---
  duration_ms: 1.29425
  type: 'test'
  ...
# Subtest: the catalog rejects one identity profile assigned to two principals
ok 1374 - the catalog rejects one identity profile assigned to two principals
  ---
  duration_ms: 1.917834
  type: 'test'
  ...
# Subtest: C05 P1 synthetic verification evidence is intact
ok 1375 - C05 P1 synthetic verification evidence is intact
  ---
  duration_ms: 11.973959
  type: 'test'
  ...
# Subtest: C05 creates exactly the six frozen persistence tables
ok 1376 - C05 creates exactly the six frozen persistence tables
  ---
  duration_ms: 0.502
  type: 'test'
  ...
# Subtest: principal identifiers and lifecycle are stable and monotonic
ok 1377 - principal identifiers and lifecycle are stable and monotonic
  ---
  duration_ms: 0.524833
  type: 'test'
  ...
# Subtest: identity links bind the exact C04 account and one human principal
ok 1378 - identity links bind the exact C04 account and one human principal
  ---
  duration_ms: 0.437208
  type: 'test'
  ...
# Subtest: delegations form an immutable tenant-local provenance chain
ok 1379 - delegations form an immutable tenant-local provenance chain
  ---
  duration_ms: 0.729041
  type: 'test'
  ...
# Subtest: the C05 schema contains provenance, not business authorization policy
ok 1380 - the C05 schema contains provenance, not business authorization policy
  ---
  duration_ms: 0.651959
  type: 'test'
  ...
# Subtest: Core, OpenAPI and PostgreSQL accept the same frozen reference schemes
ok 1381 - Core, OpenAPI and PostgreSQL accept the same frozen reference schemes
  ---
  duration_ms: 0.090917
  type: 'test'
  ...
# Subtest: event and outbox records are exact, paired, and append-only
ok 1382 - event and outbox records are exact, paired, and append-only
  ---
  duration_ms: 0.815334
  type: 'test'
  ...
# Subtest: C05 runtime roles are NOLOGIN and have only their frozen duties
ok 1383 - C05 runtime roles are NOLOGIN and have only their frozen duties
  ---
  duration_ms: 0.463625
  type: 'test'
  ...
# Subtest: external accounts and identical email hints never become the Stable Principal key
ok 1384 - external accounts and identical email hints never become the Stable Principal key
  ---
  duration_ms: 14.623708
  type: 'test'
  ...
# Subtest: HUMAN to AGENT to SERVICE resolves a complete server-trusted action identity
ok 1385 - HUMAN to AGENT to SERVICE resolves a complete server-trusted action identity
  ---
  duration_ms: 7.419
  type: 'test'
  ...
# Subtest: the client cannot inject a workload actor or an authorization field
ok 1386 - the client cannot inject a workload actor or an authorization field
  ---
  duration_ms: 0.495667
  type: 'test'
  ...
# Subtest: C04 account suspension fails closed before asynchronous C05 synchronization
ok 1387 - C04 account suspension fails closed before asynchronous C05 synchronization
  ---
  duration_ms: 7.444917
  type: 'test'
  ...
# Subtest: C03 Tenant suspension immediately blocks action identity resolution
ok 1388 - C03 Tenant suspension immediately blocks action identity resolution
  ---
  duration_ms: 3.666792
  type: 'test'
  ...
# Subtest: IdP migration reissues delegations after each IdentityLink epoch change
ok 1389 - IdP migration reissues delegations after each IdentityLink epoch change
  ---
  duration_ms: 7.844667
  type: 'test'
  ...
# Subtest: explicit link correction changes only future resolution and preserves retired history
ok 1390 - explicit link correction changes only future resolution and preserves retired history
  ---
  duration_ms: 3.89775
  type: 'test'
  ...
# Subtest: a tampered identity correction hash is rejected atomically
ok 1391 - a tampered identity correction hash is rejected atomically
  ---
  duration_ms: 3.311666
  type: 'test'
  ...
# Subtest: link correction rejects a stale or terminated C04 account
ok 1392 - link correction rejects a stale or terminated C04 account
  ---
  duration_ms: 1.616959
  type: 'test'
  ...
# Subtest: Principal suspension revokes old delegations and DEACTIVATED is absorbing
ok 1393 - Principal suspension revokes old delegations and DEACTIVATED is absorbing
  ---
  duration_ms: 6.203125
  type: 'test'
  ...
# Subtest: idempotency is exact and tenant activity gates creation
ok 1394 - idempotency is exact and tenant activity gates creation
  ---
  duration_ms: 21.949125
  type: 'test'
  ...
# Subtest: a session invalidated during the final C04 recheck never returns a partial identity
ok 1395 - a session invalidated during the final C04 recheck never returns a partial identity
  ---
  duration_ms: 4.273584
  type: 'test'
  ...
# Subtest: delegations carry independent purpose labels and fail closed on invalid state
ok 1396 - delegations carry independent purpose labels and fail closed on invalid state
  ---
  duration_ms: 2.746708
  type: 'test'
  ...
# Subtest: revoking a parent delegation invalidates its active leaf
ok 1397 - revoking a parent delegation invalidates its active leaf
  ---
  duration_ms: 2.41475
  type: 'test'
  ...
# Subtest: delegation cycles and cross-Tenant endpoints are rejected
ok 1398 - delegation cycles and cross-Tenant endpoints are rejected
  ---
  duration_ms: 4.457209
  type: 'test'
  ...
# Subtest: a ninth delegation hop is rejected and eight committed hops remain intact
ok 1399 - a ninth delegation hop is rejected and eight committed hops remain intact
  ---
  duration_ms: 19.202959
  type: 'test'
  ...
# Subtest: Identity Account IDs must be exact C04 UUIDv7 identifiers
ok 1400 - Identity Account IDs must be exact C04 UUIDv7 identifiers
  ---
  duration_ms: 0.841709
  type: 'test'
  ...
# Subtest: malformed C04 account data fails closed
ok 1401 - malformed C04 account data fails closed
  ---
  duration_ms: 9.66775
  type: 'test'
  ...
# Subtest: generated identifiers and delegation times are validated before storage
ok 1402 - generated identifiers and delegation times are validated before storage
  ---
  duration_ms: 10.4945
  type: 'test'
  ...
# Subtest: an inactive Tenant permits fail-closing changes but cannot reactivate Principal or IdentityLink state
ok 1403 - an inactive Tenant permits fail-closing changes but cannot reactivate Principal or IdentityLink state
  ---
  duration_ms: 18.690625
  type: 'test'
  ...
# Subtest: a C05 lifecycle change during resolution is caught by the final C05 recheck
ok 1404 - a C05 lifecycle change during resolution is caught by the final C05 recheck
  ---
  duration_ms: 2.276083
  type: 'test'
  ...
# Subtest: an unsynchronized C04 lifecycle revision cannot reuse an old delegation
ok 1405 - an unsynchronized C04 lifecycle revision cannot reuse an old delegation
  ---
  duration_ms: 3.321125
  type: 'test'
  ...
# Subtest: the factory exposes exactly the six frozen representative adapters
ok 1406 - the factory exposes exactly the six frozen representative adapters
  ---
  duration_ms: 1.558
  type: 'test'
  ...
# Subtest: c06.synthetic.read binds its server-owned READ context
ok 1407 - c06.synthetic.read binds its server-owned READ context
  ---
  duration_ms: 0.188959
  type: 'test'
  ...
# Subtest: c06.synthetic.read fails closed on a business Deny
ok 1408 - c06.synthetic.read fails closed on a business Deny
  ---
  duration_ms: 0.238708
  type: 'test'
  ...
# Subtest: c06.synthetic.read fails closed when authorization is unavailable
ok 1409 - c06.synthetic.read fails closed when authorization is unavailable
  ---
  duration_ms: 0.095666
  type: 'test'
  ...
# Subtest: c06.synthetic.retrieve binds its server-owned RETRIEVE context
ok 1410 - c06.synthetic.retrieve binds its server-owned RETRIEVE context
  ---
  duration_ms: 0.104459
  type: 'test'
  ...
# Subtest: c06.synthetic.retrieve fails closed on a business Deny
ok 1411 - c06.synthetic.retrieve fails closed on a business Deny
  ---
  duration_ms: 0.074375
  type: 'test'
  ...
# Subtest: c06.synthetic.retrieve fails closed when authorization is unavailable
ok 1412 - c06.synthetic.retrieve fails closed when authorization is unavailable
  ---
  duration_ms: 0.060292
  type: 'test'
  ...
# Subtest: c06.synthetic.download binds its server-owned DOWNLOAD context
ok 1413 - c06.synthetic.download binds its server-owned DOWNLOAD context
  ---
  duration_ms: 0.060833
  type: 'test'
  ...
# Subtest: c06.synthetic.download fails closed on a business Deny
ok 1414 - c06.synthetic.download fails closed on a business Deny
  ---
  duration_ms: 0.065667
  type: 'test'
  ...
# Subtest: c06.synthetic.download fails closed when authorization is unavailable
ok 1415 - c06.synthetic.download fails closed when authorization is unavailable
  ---
  duration_ms: 0.116791
  type: 'test'
  ...
# Subtest: c06.synthetic.manage binds its server-owned MANAGE context
ok 1416 - c06.synthetic.manage binds its server-owned MANAGE context
  ---
  duration_ms: 0.078834
  type: 'test'
  ...
# Subtest: c06.synthetic.manage fails closed on a business Deny
ok 1417 - c06.synthetic.manage fails closed on a business Deny
  ---
  duration_ms: 0.085208
  type: 'test'
  ...
# Subtest: c06.synthetic.manage fails closed when authorization is unavailable
ok 1418 - c06.synthetic.manage fails closed when authorization is unavailable
  ---
  duration_ms: 0.057916
  type: 'test'
  ...
# Subtest: c06.synthetic.tool-call binds its server-owned TOOL_CALL context
ok 1419 - c06.synthetic.tool-call binds its server-owned TOOL_CALL context
  ---
  duration_ms: 0.0475
  type: 'test'
  ...
# Subtest: c06.synthetic.tool-call fails closed on a business Deny
ok 1420 - c06.synthetic.tool-call fails closed on a business Deny
  ---
  duration_ms: 0.058834
  type: 'test'
  ...
# Subtest: c06.synthetic.tool-call fails closed when authorization is unavailable
ok 1421 - c06.synthetic.tool-call fails closed when authorization is unavailable
  ---
  duration_ms: 0.055625
  type: 'test'
  ...
# Subtest: c06.synthetic.sandbox-run binds its server-owned SANDBOX_RUN context
ok 1422 - c06.synthetic.sandbox-run binds its server-owned SANDBOX_RUN context
  ---
  duration_ms: 0.038709
  type: 'test'
  ...
# Subtest: c06.synthetic.sandbox-run fails closed on a business Deny
ok 1423 - c06.synthetic.sandbox-run fails closed on a business Deny
  ---
  duration_ms: 0.06225
  type: 'test'
  ...
# Subtest: c06.synthetic.sandbox-run fails closed when authorization is unavailable
ok 1424 - c06.synthetic.sandbox-run fails closed when authorization is unavailable
  ---
  duration_ms: 0.07375
  type: 'test'
  ...
# Subtest: C07 executes only after authorization and active admission
ok 1425 - C07 executes only after authorization and active admission
  ---
  duration_ms: 3.028584
  type: 'test'
  ...
# Subtest: C07 rejects caller supplied routing fields before dependencies
ok 1426 - C07 rejects caller supplied routing fields before dependencies
  ---
  duration_ms: 0.625916
  type: 'test'
  ...
# Subtest: C07 rejects untrusted routes and Enterprise Tenant IDs
ok 1427 - C07 rejects untrusted routes and Enterprise Tenant IDs
  ---
  duration_ms: 0.106584
  type: 'test'
  ...
# Subtest: C07 fails closed before any Adapter access on deny or outage
ok 1428 - C07 fails closed before any Adapter access on deny or outage
  ---
  duration_ms: 0.18425
  type: 'test'
  ...
# Subtest: C07 reauthorizes every cache request, including a denied hit
ok 1429 - C07 reauthorizes every cache request, including a denied hit
  ---
  duration_ms: 0.257791
  type: 'test'
  ...
# Subtest: LIFECYCLE-SUSPENDED-01 blocks a warm cache before Adapter access
ok 1430 - LIFECYCLE-SUSPENDED-01 blocks a warm cache before Adapter access
  ---
  duration_ms: 0.146834
  type: 'test'
  ...
# Subtest: C07 lets an admitted request finish but rejects the next request
ok 1431 - C07 lets an admitted request finish but rejects the next request
  ---
  duration_ms: 0.151084
  type: 'test'
  ...
# Subtest: C07 normalizes inactive Tenant admission without touching storage
ok 1432 - C07 normalizes inactive Tenant admission without touching storage
  ---
  duration_ms: 0.494792
  type: 'test'
  ...
# Subtest: the C06 authorizer fixes the surface from the operation catalog
ok 1433 - the C06 authorizer fixes the surface from the operation catalog
  ---
  duration_ms: 0.260375
  type: 'test'
  ...
# Subtest: C07 projects every Adapter and freezes an exact duplicate
ok 1434 - C07 projects every Adapter and freezes an exact duplicate
  ---
  duration_ms: 0.890542
  type: 'test'
  ...
# Subtest: C07 reports lifecycle success only after every Adapter converges
ok 1435 - C07 reports lifecycle success only after every Adapter converges
  ---
  duration_ms: 0.388625
  type: 'test'
  ...
# Subtest: LIFECYCLE-DELETING-01 denies reads while storage projection is incomplete
ok 1436 - LIFECYCLE-DELETING-01 denies reads while storage projection is incomplete
  ---
  duration_ms: 0.6765
  type: 'test'
  ...
# Subtest: C07 rejects conflicting or untrusted lifecycle delivery
ok 1437 - C07 rejects conflicting or untrusted lifecycle delivery
  ---
  duration_ms: 0.299708
  type: 'test'
  ...
# Subtest: C07 snapshot exposes counts only after control authorization
ok 1438 - C07 snapshot exposes counts only after control authorization
  ---
  duration_ms: 0.29125
  type: 'test'
  ...
# Subtest: C03 lifecycle verifier requires an exact event/outbox pair
ok 1439 - C03 lifecycle verifier requires an exact event/outbox pair
  ---
  duration_ms: 0.207875
  type: 'test'
  ...
# Subtest: C07 resolves exactly the frozen server-owned operation descriptors
ok 1440 - C07 resolves exactly the frozen server-owned operation descriptors
  ---
  duration_ms: 0.949708
  type: 'test'
  ...
# Subtest: C07 rejects unknown or altered operation descriptors
ok 1441 - C07 rejects unknown or altered operation descriptors
  ---
  duration_ms: 0.396375
  type: 'test'
  ...
# Subtest: the frozen matrix covers and traces every required case
ok 1442 - the frozen matrix covers and traces every required case
  ---
  duration_ms: 104.379292
  type: 'test'
  ...
# Subtest: the pgvector lock freezes supplied source and measured control hashes
ok 1443 - the pgvector lock freezes supplied source and measured control hashes
  ---
  duration_ms: 0.254583
  type: 'test'
  ...
# Subtest: C07 P1 synthetic verification evidence is intact
ok 1444 - C07 P1 synthetic verification evidence is intact
  ---
  duration_ms: 930.4525
  type: 'test'
  ...
# Subtest: the C07 migration makes tenant_id and FORCE RLS mandatory
ok 1445 - the C07 migration makes tenant_id and FORCE RLS mandatory
  ---
  duration_ms: 0.811375
  type: 'test'
  ...
# Subtest: C07 runtime roles are non-owner NOBYPASSRLS roles
ok 1446 - C07 runtime roles are non-owner NOBYPASSRLS roles
  ---
  duration_ms: 0.721541
  type: 'test'
  ...
# Subtest: the PostgreSQL Adapter scopes every pooled transaction locally
ok 1447 - the PostgreSQL Adapter scopes every pooled transaction locally
  ---
  duration_ms: 0.378208
  type: 'test'
  ...
# Subtest: the PostgreSQL migration enforces immutable namespaces and tombstones
ok 1448 - the PostgreSQL migration enforces immutable namespaces and tombstones
  ---
  duration_ms: 9.330708
  type: 'test'
  ...
# Subtest: the PostgreSQL adapter wraps a new command in a serializable transaction
ok 1449 - the PostgreSQL adapter wraps a new command in a serializable transaction
  ---
  duration_ms: 0.731542
  type: 'test'
  ...
# Subtest: a stored PostgreSQL receipt replays safely and conflicts fail closed
ok 1450 - a stored PostgreSQL receipt replays safely and conflicts fail closed
  ---
  duration_ms: 0.414291
  type: 'test'
  ...
# Subtest: the PostgreSQL adapter rejects an unsafe schema identifier
ok 1451 - the PostgreSQL adapter rejects an unsafe schema identifier
  ---
  duration_ms: 0.094291
  type: 'test'
  ...
# Subtest: immutable creation identity lookups do not lock replay readers
ok 1452 - immutable creation identity lookups do not lock replay readers
  ---
  duration_ms: 0.168375
  type: 'test'
  ...
# Subtest: outbox completion is bound to the exact worker and lease version
ok 1453 - outbox completion is bound to the exact worker and lease version
  ---
  duration_ms: 0.14475
  type: 'test'
  ...
# Subtest: outbox claims reject unbounded leases before touching PostgreSQL
ok 1454 - outbox claims reject unbounded leases before touching PostgreSQL
  ---
  duration_ms: 0.348292
  type: 'test'
  ...
# Subtest: outbox claims use a database-bounded duration and incremented lease version
ok 1455 - outbox claims use a database-bounded duration and incremented lease version
  ---
  duration_ms: 1.216584
  type: 'test'
  ...
# Subtest: PostgreSQL connection failures expose only a stable store error
ok 1456 - PostgreSQL connection failures expose only a stable store error
  ---
  duration_ms: 0.237584
  type: 'test'
  ...
# Subtest: the C03 API exposes only execute, snapshot and admission surfaces
ok 1457 - the C03 API exposes only execute, snapshot and admission surfaces
  ---
  duration_ms: 4.114791
  type: 'test'
  ...
# Subtest: the P1 command contract has no Enterprise create or kind mutation command
ok 1458 - the P1 command contract has no Enterprise create or kind mutation command
  ---
  duration_ms: 1.661791
  type: 'test'
  ...
# Subtest: C03 verified evidence is intact and preserves its unverified history
ok 1459 - C03 verified evidence is intact and preserves its unverified history
  ---
  duration_ms: 224.160917
  type: 'test'
  ...
# Subtest: concurrent duplicate creates produce one namespaced provisioning tenant
ok 1460 - concurrent duplicate creates produce one namespaced provisioning tenant
  ---
  duration_ms: 14.289459
  type: 'test'
  ...
# Subtest: creation key also prevents a duplicate when the retry key changes
ok 1461 - creation key also prevents a duplicate when the retry key changes
  ---
  duration_ms: 0.946625
  type: 'test'
  ...
# Subtest: a creation key or frozen fixture cannot be silently rebound
ok 1462 - a creation key or frozen fixture cannot be silently rebound
  ---
  duration_ms: 0.833833
  type: 'test'
  ...
# Subtest: an idempotency key cannot be reused for different content
ok 1463 - an idempotency key cannot be reused for different content
  ---
  duration_ms: 0.507958
  type: 'test'
  ...
# Subtest: P1 rejects enterprise creation and unknown synthetic fixtures
ok 1464 - P1 rejects enterprise creation and unknown synthetic fixtures
  ---
  duration_ms: 0.478375
  type: 'test'
  ...
# Subtest: P1 configuration references reject enterprise addresses and raw secret schemes
ok 1465 - P1 configuration references reject enterprise addresses and raw secret schemes
  ---
  duration_ms: 0.742125
  type: 'test'
  ...
# Subtest: projection failure never activates a tenant
ok 1466 - projection failure never activates a tenant
  ---
  duration_ms: 1.049333
  type: 'test'
  ...
# Subtest: a successful projection cannot be regressed by a late result
ok 1467 - a successful projection cannot be regressed by a late result
  ---
  duration_ms: 0.789667
  type: 'test'
  ...
# Subtest: projection results are bound to the current operation and contiguous attempt
ok 1468 - projection results are bound to the current operation and contiguous attempt
  ---
  duration_ms: 0.815375
  type: 'test'
  ...
# Subtest: only complete current-generation projections can activate admission
ok 1469 - only complete current-generation projections can activate admission
  ---
  duration_ms: 2.407666
  type: 'test'
  ...
# Subtest: suspend blocks new requests and resume requires fresh reconciliation
ok 1470 - suspend blocks new requests and resume requires fresh reconciliation
  ---
  duration_ms: 2.577916
  type: 'test'
  ...
# Subtest: deletion remains traceable until every layer succeeds, then keeps a tombstone
ok 1471 - deletion remains traceable until every layer succeeds, then keeps a tombstone
  ---
  duration_ms: 3.743
  type: 'test'
  ...
# Subtest: kind mutation attempts, stale generations and unauthorized reads fail closed
ok 1472 - kind mutation attempts, stale generations and unauthorized reads fail closed
  ---
  duration_ms: 0.597084
  type: 'test'
  ...
# Subtest: an authorizer failure is converted to a closed authorization decision
ok 1473 - an authorizer failure is converted to a closed authorization decision
  ---
  duration_ms: 0.119084
  type: 'test'
  ...
# Subtest: v2 candidate closes only the three newly frozen P0 supplements
ok 1474 - v2 candidate closes only the three newly frozen P0 supplements
  ---
  duration_ms: 7.620083
  type: 'test'
  ...
# git: error: couldn't create cache file '/var/folders/0m/7kln3shx3_11bg256ygsbdph0000gn/T/xcrun_db-EuX30131' (errno=Operation not permitted)
# git: error: couldn't create cache file '/var/folders/0m/7kln3shx3_11bg256ygsbdph0000gn/T/xcrun_db-ykRHdIMG' (errno=Operation not permitted)
# git: error: couldn't create cache file '/var/folders/0m/7kln3shx3_11bg256ygsbdph0000gn/T/xcrun_db-VMsGzcOF' (errno=Operation not permitted)
# git: error: couldn't create cache file '/var/folders/0m/7kln3shx3_11bg256ygsbdph0000gn/T/xcrun_db-Y2bIpwvY' (errno=Operation not permitted)
# git: error: couldn't create cache file '/var/folders/0m/7kln3shx3_11bg256ygsbdph0000gn/T/xcrun_db-p4zjmQhD' (errno=Operation not permitted)
# git: error: couldn't create cache file '/var/folders/0m/7kln3shx3_11bg256ygsbdph0000gn/T/xcrun_db-6XHU0eY7' (errno=Operation not permitted)
# git: error: couldn't create cache file '/var/folders/0m/7kln3shx3_11bg256ygsbdph0000gn/T/xcrun_db-mLEWMzJX' (errno=Operation not permitted)
# git: error: couldn't create cache file '/var/folders/0m/7kln3shx3_11bg256ygsbdph0000gn/T/xcrun_db-9ydwUCfR' (errno=Operation not permitted)
# git: error: couldn't create cache file '/var/folders/0m/7kln3shx3_11bg256ygsbdph0000gn/T/xcrun_db-5Izy8fNt' (errno=Operation not permitted)
# git: error: couldn't create cache file '/var/folders/0m/7kln3shx3_11bg256ygsbdph0000gn/T/xcrun_db-DEZk8dA3' (errno=Operation not permitted)
# git: error: couldn't create cache file '/var/folders/0m/7kln3shx3_11bg256ygsbdph0000gn/T/xcrun_db-Lw7NEQxA' (errno=Operation not permitted)
# git: error: couldn't create cache file '/var/folders/0m/7kln3shx3_11bg256ygsbdph0000gn/T/xcrun_db-vXC2LD50' (errno=Operation not permitted)
# git: error: couldn't create cache file '/var/folders/0m/7kln3shx3_11bg256ygsbdph0000gn/T/xcrun_db-VLyHOxnU' (errno=Operation not permitted)
# git: error: couldn't create cache file '/var/folders/0m/7kln3shx3_11bg256ygsbdph0000gn/T/xcrun_db-RIkrl8kf' (errno=Operation not permitted)
# git: error: couldn't create cache file '/var/folders/0m/7kln3shx3_11bg256ygsbdph0000gn/T/xcrun_db-Ir9z692T' (errno=Operation not permitted)
# git: error: couldn't create cache file '/var/folders/0m/7kln3shx3_11bg256ygsbdph0000gn/T/xcrun_db-kNCEVaGD' (errno=Operation not permitted)
# git: error: couldn't create cache file '/var/folders/0m/7kln3shx3_11bg256ygsbdph0000gn/T/xcrun_db-XUeUGpgP' (errno=Operation not permitted)
# git: error: couldn't create cache file '/var/folders/0m/7kln3shx3_11bg256ygsbdph0000gn/T/xcrun_db-As40rBeJ' (errno=Operation not permitted)
# git: error: couldn't create cache file '/var/folders/0m/7kln3shx3_11bg256ygsbdph0000gn/T/xcrun_db-sL2zk9dH' (errno=Operation not permitted)
# git: error: couldn't create cache file '/var/folders/0m/7kln3shx3_11bg256ygsbdph0000gn/T/xcrun_db-yXnAbz6D' (errno=Operation not permitted)
# git: error: couldn't create cache file '/var/folders/0m/7kln3shx3_11bg256ygsbdph0000gn/T/xcrun_db-khH0ywQL' (errno=Operation not permitted)
# git: error: couldn't create cache file '/var/folders/0m/7kln3shx3_11bg256ygsbdph0000gn/T/xcrun_db-TWgOApZN' (errno=Operation not permitted)
# git: error: couldn't create cache file '/var/folders/0m/7kln3shx3_11bg256ygsbdph0000gn/T/xcrun_db-OXTx6iqi' (errno=Operation not permitted)
# git: error: couldn't create cache file '/var/folders/0m/7kln3shx3_11bg256ygsbdph0000gn/T/xcrun_db-zvtsmd5M' (errno=Operation not permitted)
# Subtest: the three P0 closures resolve to exact frozen Git bytes
ok 1475 - the three P0 closures resolve to exact frozen Git bytes
  ---
  duration_ms: 183.229875
  type: 'test'
  ...
# Subtest: the candidate is self-hashed and tampering fails closed
ok 1476 - the candidate is self-hashed and tampering fails closed
  ---
  duration_ms: 28.493459
  type: 'test'
  ...
# Subtest: v1 remains byte-identical while the final Profile runtime binds v3 without granting governance authority
ok 1477 - v1 remains byte-identical while the final Profile runtime binds v3 without granting governance authority
  ---
  duration_ms: 1.93425
  type: 'test'
  ...
# Subtest: v5.3 supplemental index is a complete static 26-group catalog
ok 1478 - v5.3 supplemental index is a complete static 26-group catalog
  ---
  duration_ms: 0.801458
  type: 'test'
  ...
# Subtest: every indexed evidence blob resolves at its exact Git freeze
ok 1479 - every indexed evidence blob resolves at its exact Git freeze
  ---
  duration_ms: 1072.082708
  type: 'test'
  ...
# Subtest: v5.3 baselines and integrated regression are hash-bound
ok 1480 - v5.3 baselines and integrated regression are hash-bound
  ---
  duration_ms: 13.712
  type: 'test'
  ...
1..1480
# tests 1671
# suites 0
# pass 1642
# fail 0
# cancelled 0
# skipped 29
# todo 0
# duration_ms 188383.288166
